GeneID	padj	pvalue	lfcSE	stat	log2FoldChange	baseMean	Symbol	Description
9858	2.1499999999999998e-61	2.53e-65	0.135	-17.0688421	-2.30463272	171.66	PPP1R26	protein phosphatase 1 regulatory subunit 26
23708	1.13e-34	9.28e-38	0.0515	-12.8441583	-0.66198455	651.8	GSPT2	G1 to S phase transition 2
389677	2.78e-30	3.11e-33	0.0492	12.0111187	0.59060996	3169.65	RBM12B	RNA binding motif protein 12B
22882	5.4000000000000005e-27	6.68e-30	0.2564	11.3591427	2.91228679	85.57	ZHX2	zinc fingers and homeoboxes 2
113829	6.53e-13	2.92e-15	0.0364	7.8941374	0.28763724	2303.09	SLC35A4	solute carrier family 35 member A4
10140	3.23e-11	1.92e-13	0.1539	7.35442	1.13189692	195.65	TOB1	transducer of ERBB2, 1
6659	1.66e-08	1.62e-10	0.0676	6.3939161	0.43251928	15636.77	SOX4	SRY-box transcription factor 4
80757	1.13e-07	1.31e-09	0.0986	6.0658017	0.59827977	138.28	TMEM121	transmembrane protein 121
139886	1.64e-07	1.99e-09	0.0707	-5.9983757	-0.42412078	3685.07	SPIN4	spindlin family member 4
1052	1.79e-07	2.19e-09	0.1505	-5.9828522	-0.90014785	271.79	CEBPD	CCAAT enhancer binding protein delta
23270	1.89e-07	2.34e-09	0.0563	5.9720953	0.33632931	870.3	TSPYL4	TSPY like 4
8545	7.08e-07	9.93e-09	0.0584	-5.7319993	-0.33497437	9061.4	CGGBP1	CGG triplet repeat binding protein 1
28986	8.45e-07	1.25e-08	0.1441	-5.6922316	-0.82026119	218.65	MAGEH1	MAGE family member H1
112268238	2.6e-06	4.31e-08	0.1023	-5.4774728	-0.56026102	287.66	LOC112268238	replaced by ID 554313
4247	4.3e-06	7.62e-08	0.032	-5.3758091	-0.17207205	5212.5	MGAT2	alpha-1,6-mannosyl-glycoprotein 2-beta-N-acetylglucosaminyltransferase
10473	1.23e-05	2.48e-07	0.0494	5.1589615	0.25491357	3031.13	HMGN4	high mobility group nucleosomal binding domain 4
9849	1.65e-05	3.45e-07	0.0594	-5.0971865	-0.3027993	5588.17	ZNF518A	zinc finger protein 518A
100170229	2.55e-05	5.66e-07	0.0358	-5.0026371	-0.17929941	1219.89	SRRM5	serine/arginine repetitive matrix 5
4157	9.32e-05	2.48e-06	0.1381	4.7099292	0.65038362	132.65	MC1R	melanocortin 1 receptor
91151	0.000214	6.46e-06	0.0716	-4.5107865	-0.32286283	1071.93	TIGD7	tigger transposable element derived 7
168455	0.000271	8.49e-06	0.0867	-4.4524835	-0.38595332	1984.46	CCDC71L	coiled-coil domain containing 71 like
84945	0.000307	9.88e-06	0.0488	-4.4197433	-0.21582963	2002.13	ABHD13	abhydrolase domain containing 13
5042	0.00044	1.51e-05	0.098	4.3276285	0.42393732	207.96	PABPC3	poly(A) binding protein cytoplasmic 3
84622	0.000842	3.32e-05	0.0706	-4.150234	-0.29306058	316.07	ZNF594	zinc finger protein 594
166379	0.00112	4.75e-05	0.1171	4.067483	0.4761857	110.8	BBS12	Bardet-Biedl syndrome 12
25907	0.00128	5.56e-05	0.5445	4.0309289	2.19464626	21.13	TMEM158	transmembrane protein 158
105375683	0.00132	5.82e-05	0.0741	4.020008	0.2980688	417.02	LOC105375683	uncharacterized LOC105375683
28991	0.00139	6.18e-05	0.0464	4.0056619	0.18576362	1473.43	COMMD5	COMM domain containing 5
389792	0.00145	6.47e-05	0.2005	3.9951078	0.80110068	419.47	IER5L	immediate early response 5 like
347051	0.00401	0.000218	0.2316	3.697362	0.85638353	181.26	SLC10A5	solute carrier family 10 member 5
55783	0.0043	0.000241	0.056	-3.6718345	-0.20554135	1630.36	CMTR2	cap methyltransferase 2
144983	0.006	0.000361	0.0393	3.5673979	0.14025079	2281.58	HNRNPA1L2	heterogeneous nuclear ribonucleoprotein A1 like 2
83443	0.00704	0.000438	0.0551	3.5162659	0.19383042	3048.81	SF3B5	splicing factor 3b subunit 5
7262	0.00828	0.000536	0.2494	3.4618997	0.86339533	52.15	PHLDA2	pleckstrin homology like domain family A member 2
158880	0.00885	0.000585	0.2953	-3.4385625	-1.01541437	24.86	USP51	ubiquitin specific peptidase 51
148022	0.00998	0.000689	0.088	3.3938781	0.29865522	861.81	TICAM1	TIR domain containing adaptor molecule 1
85027	0.0107	0.000751	0.0798	3.3703428	0.26885062	4843.16	SMIM3	small integral membrane protein 3
100129361	0.0107	0.000753	0.0488	-3.3695874	-0.16448661	1139.89	SMIM10L1	small integral membrane protein 10 like 1
50674	0.0137	0.00103	0.5195	3.2821567	1.70512966	14.41	NEUROG3	neurogenin 3
100131755	0.0146	0.00112	0.0661	-3.2584693	-0.21552321	403.11	ARMCX4	armadillo repeat containing X-linked 4
10949	0.0152	0.00118	0.1059	3.2438624	0.34346793	10977.76	HNRNPA0	heterogeneous nuclear ribonucleoprotein A0
79680	0.0162	0.00129	0.0657	3.217475	0.21130894	2276.14	RTL10	retrotransposon Gag like 10
53831	0.019	0.00158	0.3309	3.1592263	1.04550743	23.2	GPR84	G protein-coupled receptor 84
404217	0.024	0.00216	0.3204	3.0679835	0.98296635	377.99	CTXN1	cortexin 1
9831	0.0253	0.0023	0.0991	3.0484699	0.30199827	1655.56	ZNF623	zinc finger protein 623
100128731	0.0276	0.00257	0.1087	3.014453	0.32765131	1915.95	OST4	oligosaccharyltransferase complex subunit 4, non-catalytic
1230	0.0291	0.00275	0.2423	2.9940191	0.72537927	88.58	CCR1	C-C motif chemokine receptor 1
100170841	0.0296	0.00282	0.0888	2.9872382	0.26524378	3929.15	EPOP	elongin BC and polycomb repressive complex 2 associated protein
124961	0.0304	0.00292	0.0582	-2.9760307	-0.1732057	435.81	ZFP3	ZFP3 zinc finger protein
100130733	0.0312	0.00304	0.3969	2.9638504	1.17640061	224.01	LRRC70	leucine rich repeat containing 70
115560	0.0323	0.00316	0.1017	-2.952087	-0.30021408	313.87	ZNF501	zinc finger protein 501
57124	0.034	0.00337	0.1621	2.9314064	0.47514674	308.26	CD248	CD248 molecule
26240	0.038	0.00392	0.267	-2.8841703	-0.77017342	74.84	FAM50B	family with sequence similarity 50 member B
57546	0.0387	0.00401	0.0841	2.8773452	0.24207526	926.06	PDP2	pyruvate dehydrogenase phosphatase catalytic subunit 2
80108	0.043	0.00464	0.2854	2.8309901	0.80787219	21.26	ZFP2	ZFP2 zinc finger protein
4245	0.0433	0.00469	0.0679	2.8278097	0.19189876	4217.19	MGAT1	alpha-1,3-mannosyl-glycoprotein 2-beta-N-acetylglucosaminyltransferase
2867	0.0439	0.00477	0.4199	2.8223756	1.18521343	23.03	FFAR2	free fatty acid receptor 2
1880	0.0457	0.00503	0.2393	2.8051821	0.6712257	54.01	GPR183	G protein-coupled receptor 183
5621	0.0488	0.0055	0.1984	2.776351	0.55087923	1779.51	PRNP	prion protein
80775	0.0492	0.00557	0.0926	2.77187	0.25660188	583.38	TMEM177	transmembrane protein 177
2357	0.0503	0.00575	0.3714	2.761597	1.02573434	21.81	FPR1	formyl peptide receptor 1
26212	0.0519	0.00599	0.3965	-2.7481774	-1.08968723	33.47	OR2B6	olfactory receptor family 2 subfamily B member 6
26050	0.0553	0.00653	0.0998	-2.7198031	-0.27131815	346.55	SLITRK5	SLIT and NTRK like family member 5
8507	0.0637	0.0079	0.1489	2.656136	0.39558503	360.82	ENC1	ectodermal-neural cortex 1
719	0.0642	0.008	0.2205	2.6519419	0.58465215	196.42	C3AR1	complement C3a receptor 1
550643	0.0669	0.00843	0.0654	-2.6341958	-0.17224915	969.48	NBDY	negative regulator of P-body association
114932	0.0711	0.00914	0.0322	-2.606639	-0.08384918	2561.11	MRFAP1L1	Morf4 family associated protein 1 like 1
116412	0.0729	0.00947	0.1272	-2.5944425	-0.33013601	302.61	ZNF837	zinc finger protein 837
125111	0.0731	0.00951	0.1211	-2.5931712	-0.31410639	762.33	GJD3	gap junction protein delta 3
403313	0.0738	0.00964	0.1235	-2.5883999	-0.31955966	257.61	PLPP6	phospholipid phosphatase 6
8651	0.0777	0.0104	0.1913	2.5638507	0.49036812	674.67	SOCS1	suppressor of cytokine signaling 1
7621	0.078	0.0104	0.0772	2.5616896	0.1978032	845.55	ZNF70	zinc finger protein 70
81543	0.079	0.0106	0.2037	2.5559474	0.5205434	148.63	LRRC3	leucine rich repeat containing 3
5814	0.083	0.0113	0.0406	-2.5337908	-0.10279591	2579.71	PURB	purine rich element binding protein B
64410	0.0842	0.0115	0.2336	2.5266811	0.59021638	234.4	KLHL25	kelch like family member 25
23283	0.0855	0.0118	0.0549	-2.5193446	-0.13839868	2061.62	CSTF2T	cleavage stimulation factor subunit 2 tau variant
728819	0.0881	0.0123	0.1878	-2.5048071	-0.47027884	51.73	C1GALT1C1L	C1GALT1 specific chaperone 1 like
143282	0.0948	0.0136	0.0849	-2.4681078	-0.20955519	263.62	FGFBP3	fibroblast growth factor binding protein 3
285429	0.0987	0.0144	0.6773	-2.4464306	-1.6570639	94.79	DCAF4L1	DDB1 and CUL4 associated factor 4 like 1
138716	0.099	0.0145	0.0733	-2.4453731	-0.17936143	501.02	RPP25L	ribonuclease P/MRP subunit p25 like
116115	0.103	0.0154	0.0685	2.4234345	0.16600994	1206.55	ZNF526	zinc finger protein 526
10248	0.106	0.0159	0.0814	2.4103131	0.19626845	504.34	POP7	POP7 homolog, ribonuclease P/MRP subunit
6248	0.108	0.0163	0.0683	2.4015515	0.16403557	541.06	RSC1A1	regulator of solute carriers 1
3725	0.109	0.0167	0.4412	2.3931657	1.05589739	1033.23	JUN	Jun proto-oncogene, AP-1 transcription factor subunit
7425	0.116	0.0182	0.1644	2.3610348	0.3882289	118.33	VGF	VGF nerve growth factor inducible
84798	0.117	0.0186	0.0941	2.3532185	0.22145976	8820.96	C19orf48	multidrug resistance-related protein
26996	0.121	0.0196	0.0949	-2.334398	-0.22150202	1103.74	GPR160	G protein-coupled receptor 160
387763	0.124	0.0201	0.2167	2.3243534	0.50364602	143.61	C11orf96	chromosome 11 open reading frame 96
57132	0.125	0.0203	0.0408	-2.3204432	-0.09467746	5182.7	CHMP1B	charged multivesicular body protein 1B
64975	0.125	0.0205	0.1311	-2.3175558	-0.30382149	539.57	MRPL41	mitochondrial ribosomal protein L41
643155	0.127	0.021	0.0614	2.3083826	0.14183052	1157.46	SMIM15	small integral membrane protein 15
200765	0.127	0.0211	0.1522	-2.3064766	-0.35115168	379.17	TIGD1	tigger transposable element derived 1
162073	0.13	0.0217	0.0812	-2.2962818	-0.18653137	515.53	ITPRIPL2	ITPRIP like 2
51301	0.141	0.0242	0.4857	2.2531891	1.09430952	17.02	GCNT4	glucosaminyl (N-acetyl) transferase 4
1122	0.144	0.025	0.0652	-2.2411756	-0.14619725	4487.85	CHML	CHM like Rab escort protein
55273	0.145	0.0253	0.2786	-2.2371292	-0.62335146	46.67	TMEM100	transmembrane protein 100
5897	0.151	0.027	0.2993	2.2120644	0.66198302	14.78	RAG2	recombination activating 2
9737	0.152	0.0273	0.1405	-2.2074946	-0.31022187	66.91	GPRASP1	G protein-coupled receptor associated sorting protein 1
1054	0.161	0.0297	0.2155	-2.1741809	-0.46852487	11240.36	CEBPG	CCAAT enhancer binding protein gamma
64860	0.163	0.0303	0.0486	-2.166683	-0.10540562	775.44	ARMCX5	armadillo repeat containing X-linked 5
57462	0.163	0.0303	0.1899	2.1664382	0.41132555	115.35	MYORG	myogenesis regulating glycosidase (putative)
10253	0.172	0.0325	0.1379	-2.1381527	-0.29491979	3059.56	SPRY2	sprouty RTK signaling antagonist 2
28522	0.174	0.033	0.2249	-2.131991	-0.47939078	27.38	TRDJ1	T cell receptor delta joining 1
158586	0.176	0.0338	0.1048	-2.1225364	-0.22252041	716.91	ZXDB	zinc finger X-linked duplicated B
9643	0.177	0.034	0.0333	2.1205111	0.07063073	6080.29	MORF4L2	mortality factor 4 like 2
27202	0.178	0.0344	0.3097	2.1149681	0.65502226	28.5	C5AR2	complement C5a receptor 2
29923	0.179	0.0346	0.1544	2.1128705	0.32612682	328.93	HILPDA	hypoxia inducible lipid droplet associated
114794	0.185	0.0363	0.3925	2.0937289	0.8218202	104.02	ELFN2	extracellular leucine rich repeat and fibronectin type III domain containing 2
644353	0.185	0.0364	0.181	-2.0922633	-0.37860357	87.68	ZCCHC18	zinc finger CCHC-type containing 18
343171	0.187	0.0371	0.1015	-2.0850932	-0.21165914	461.45	OR2W3	olfactory receptor family 2 subfamily W member 3
6880	0.189	0.0376	0.0515	2.0795283	0.10704875	1543.66	TAF9	TATA-box binding protein associated factor 9
221504	0.19	0.0377	0.1234	2.0784088	0.25638497	390.6	ZBTB9	zinc finger and BTB domain containing 9
25850	0.191	0.038	0.0873	-2.0748586	-0.18108778	532.44	ZNF345	zinc finger protein 345
114787	0.194	0.0392	0.4685	2.0618802	0.96595298	41.97	GPRIN1	G protein regulated inducer of neurite outgrowth 1
55272	0.197	0.0401	0.0647	2.0527148	0.13274069	5413.95	IMP3	IMP U3 small nucleolar ribonucleoprotein 3
64110	0.201	0.0411	0.1358	-2.0426061	-0.27728939	1328.7	MAGEF1	MAGE family member F1
9792	0.202	0.0416	0.0367	-2.0372998	-0.07473367	3035.23	SERTAD2	SERTA domain containing 2
57007	0.203	0.0417	0.4066	2.0361487	0.82786367	32.98	ACKR3	atypical chemokine receptor 3
133022	0.205	0.0425	0.2008	-2.0281371	-0.40730514	55.81	TRAM1L1	translocation associated membrane protein 1 like 1
388564	0.207	0.0431	0.2482	2.0223326	0.50191668	111.04	TMEM238	transmembrane protein 238
55281	0.213	0.0451	0.0531	-2.0040696	-0.10639943	721.66	TMEM140	transmembrane protein 140
2702	0.218	0.0469	0.7231	1.986916	1.43680409	28.84	GJA5	gap junction protein alpha 5
646450	0.219	0.0472	0.1109	-1.9841132	-0.21999983	310.9	ARIH2OS	ARIH2 opposite strand lncRNA
85376	0.223	0.0485	0.143	-1.9727806	-0.28220251	69.74	RIMBP3	RIMS binding protein 3
112268437	0.224	0.0487	0.2057	1.9708316	0.40546113	253.2	LOC112268437	uncharacterized protein FLJ45252
10161	0.224	0.0489	0.1672	1.9698736	0.3294556	127.85	LPAR6	lysophosphatidic acid receptor 6
5724	0.229	0.0504	0.1296	-1.9566734	-0.25364576	3522.72	PTAFR	platelet activating factor receptor
7855	0.234	0.0524	0.0687	-1.9398196	-0.13330711	769.88	FZD5	frizzled class receptor 5
84078	0.237	0.0532	0.1289	1.9334156	0.24919913	177.35	KBTBD7	kelch repeat and BTB domain containing 7
2358	0.239	0.0541	0.3223	1.9264301	0.62084561	20.15	FPR2	formyl peptide receptor 2
2697	0.246	0.0572	0.8032	1.9015195	1.52736189	34.55	GJA1	gap junction protein alpha 1
83460	0.246	0.0572	0.0493	-1.9014993	-0.09380719	707.24	EMC6	ER membrane protein complex subunit 6
2827	0.248	0.0579	0.1889	1.8963701	0.35831451	97.77	GPR3	G protein-coupled receptor 3
54554	0.254	0.0598	0.0681	-1.8822463	-0.12815535	335.96	WDR5B	WD repeat domain 5B
283948	0.256	0.0606	0.1381	-1.8761019	-0.25901049	758.54	NHLRC4	NHL repeat containing 4
100528062	0.263	0.0636	0.0684	-1.8546579	-0.12680544	337.15	ARMCX5-GPRASP2	ARMCX5-GPRASP2 readthrough
163732	0.269	0.0662	0.2316	1.8370918	0.42553373	26.9	CITED4	Cbp/p300 interacting transactivator with Glu/Asp rich carboxy-terminal domain 4
84872	0.277	0.0693	0.0969	1.8166803	0.17596691	396.44	ZC3H10	zinc finger CCCH-type containing 10
388730	0.278	0.0695	0.1354	-1.81487	-0.24580587	88.69	TMEM81	transmembrane protein 81
286128	0.278	0.0696	0.2072	1.814238	0.37594369	1045.04	ZFP41	ZFP41 zinc finger protein
114928	0.279	0.0699	0.1331	-1.8126845	-0.24127422	71.57	GPRASP2	G protein-coupled receptor associated sorting protein 2
101060179	0.281	0.0709	0.093	-1.8059478	-0.16791058	179.52	LOC101060179	replaced by ID 56981
84327	0.285	0.0725	0.2007	1.7959138	0.36041399	1075.76	ZBED3	zinc finger BED-type containing 3
11007	0.285	0.0726	0.0749	1.7954713	0.13446414	4441.74	CCDC85B	coiled-coil domain containing 85B
390637	0.285	0.0727	0.1182	1.7948144	0.21216026	243.6	GDPGP1	GDP-D-glucose phosphorylase 1
440567	0.287	0.0736	0.0743	1.7893724	0.13286416	746.31	UQCRHL	ubiquinol-cytochrome c reductase hinge protein like
1241	0.287	0.0736	0.1637	1.7890729	0.29294502	1418.68	LTB4R	leukotriene B4 receptor
150786	0.29	0.0749	0.1339	-1.7813537	-0.23851302	137.1	RAB6D	RAB6D, member RAS oncogene family
90625	0.29	0.075	0.1982	1.7807536	0.3529038	36.1	ERVH48-1	endogenous retrovirus group 48 member 1, envelope
197322	0.291	0.0753	0.0614	-1.7787434	-0.1092603	2800.3	ACSF3	acyl-CoA synthetase family member 3
84892	0.298	0.0787	0.1242	1.7584512	0.21843889	1028.47	POMGNT2	protein O-linked mannose N-acetylglucosaminyltransferase 2 (beta 1,4-)
414152	0.303	0.0806	0.5215	-1.747245	-0.91111549	61.25	C10orf105	chromosome 10 open reading frame 105
59274	0.303	0.0807	0.0809	1.7465868	0.14138544	21868.98	TLNRD1	talin rod domain containing 1
84281	0.303	0.0807	0.2977	1.7463649	0.51986175	18.4	C2orf88	chromosome 2 open reading frame 88
29978	0.304	0.0811	0.066	-1.744079	-0.11514145	1108.75	UBQLN2	ubiquilin 2
643338	0.305	0.0816	0.2418	1.7411945	0.42096285	37.8	C15orf62	chromosome 15 open reading frame 62
3727	0.306	0.0822	0.1111	1.7383265	0.19304821	45802.29	JUND	JunD proto-oncogene, AP-1 transcription factor subunit
63943	0.308	0.0829	0.1027	1.733908	0.17810214	147.4	FKBPL	FKBP prolyl isomerase like
55096	0.311	0.0844	0.1832	1.7259189	0.31626784	72.21	EBLN2	endogenous Bornavirus like nucleoprotein 2
102724334	0.315	0.0859	0.1986	-1.7172668	-0.34108482	31.25	LOC102724334	histone H2B type F-S-like
1233	0.315	0.086	0.4155	1.7167623	0.71329247	32.71	CCR4	C-C motif chemokine receptor 4
202309	0.32	0.0882	0.2024	1.7050196	0.34517583	2184.44	GAPT	GRB2 binding adaptor protein, transmembrane
55501	0.321	0.0887	0.2204	-1.7022676	-0.37509616	4288.53	CHST12	carbohydrate sulfotransferase 12
2701	0.322	0.0891	0.3551	1.7003644	0.60382527	41.58	GJA4	gap junction protein alpha 4
56413	0.323	0.0894	0.1599	1.6984276	0.27152792	258.42	LTB4R2	leukotriene B4 receptor 2
112970	0.324	0.0901	0.0667	-1.6950449	-0.1130551	787.1	KTI12	KTI12 chromatin associated homolog
54863	0.329	0.0922	0.0876	-1.6839505	-0.1475701	5531.54	TOR4A	torsin family 4 member A
5912	0.33	0.0927	0.084	1.6813618	0.14123352	3646.36	RAP2B	RAP2B, member of RAS oncogene family
6903	0.331	0.0934	0.083	-1.6777745	-0.13919365	1203.01	TBCC	tubulin folding cofactor C
2707	0.332	0.094	0.4089	1.6746212	0.68474528	36.71	GJB3	gap junction protein beta 3
84084	0.334	0.0947	0.1393	-1.671158	-0.23272771	65.56	RAB6C	RAB6C, member RAS oncogene family
7570	0.334	0.095	0.0826	-1.6697421	-0.13791031	4225.22	ZNF22	zinc finger protein 22
283897	0.337	0.0961	0.0678	1.6638667	0.11277068	1380.26	C16orf54	chromosome 16 open reading frame 54
112268219	0.337	0.0962	0.2654	1.6634963	0.4414935	182.33	LOC112268219	uncharacterized LOC112268219
55170	0.34	0.0973	0.0833	-1.6579205	-0.13804814	1505.68	PRMT6	protein arginine methyltransferase 6
10962	0.34	0.0974	0.2271	1.6577335	0.37653234	824.52	MLLT11	MLLT11 transcription factor 7 cofactor
116448	0.341	0.0979	0.1409	1.6552766	0.2332262	95.43	OLIG1	oligodendrocyte transcription factor 1
54989	0.342	0.0984	0.089	-1.6527621	-0.147177	4177.05	ZNF770	zinc finger protein 770
10766	0.345	0.1	0.1356	1.6449541	0.22303282	1478.04	TOB2	transducer of ERBB2, 2
221786	0.346	0.1	0.089	-1.6430753	-0.14631109	187.51	FAM200A	family with sequence similarity 200 member A
405754	0.35	0.102	0.296	-1.633431	-0.48343018	292.97	ERVFRD-1	endogenous retrovirus group FRD member 1, envelope
3726	0.35	0.102	0.1477	1.6328854	0.24122205	11402.96	JUNB	JunB proto-oncogene, AP-1 transcription factor subunit
441478	0.35	0.103	0.1084	1.6324276	0.17689043	1939.4	NRARP	NOTCH regulated ankyrin repeat protein
114824	0.356	0.105	1.5525	-1.6215256	-2.51738186	109.12	PNMA5	PNMA family member 5
445328	0.356	0.105	0.1225	-1.62047	-0.19857413	97.62	ARHGEF35	Rho guanine nucleotide exchange factor 35
55039	0.359	0.106	0.0645	1.6142822	0.10412297	1000.07	TRMT12	tRNA methyltransferase 12 homolog
148304	0.36	0.107	0.0923	-1.6140358	-0.14898232	286.73	C1orf74	chromosome 1 open reading frame 74
9290	0.361	0.107	0.4051	1.6111374	0.65273336	13.24	GPR55	G protein-coupled receptor 55
55527	0.363	0.108	0.0769	1.6053887	0.12349345	3971.0	FEM1A	fem-1 homolog A
107986876	0.364	0.109	0.0783	1.6038441	0.12560064	249.05	LOC107986876	uncharacterized LOC107986876
57191	0.369	0.111	0.1639	-1.5936198	-0.26111722	166.51	VN1R1	vomeronasal 1 receptor 1
56940	0.371	0.112	0.1014	1.5890056	0.1611315	1938.12	DUSP22	dual specificity phosphatase 22
200895	0.372	0.113	0.0671	-1.5854668	-0.1064059	358.97	DHFR2	dihydrofolate reductase 2
6038	0.377	0.116	0.2241	1.5738017	0.3526439	30.22	RNASE4	ribonuclease A family member 4
58526	0.377	0.116	0.1194	-1.5732066	-0.18782638	3444.47	MID1IP1	MID1 interacting protein 1
727866	0.377	0.116	0.1207	1.5721947	0.18975975	693.28	FAM156B	family with sequence similarity 156 member B
64805	0.379	0.117	0.2954	1.5668187	0.46279369	14.58	P2RY12	purinergic receptor P2Y12
83903	0.38	0.117	0.2043	1.5654404	0.31977629	1120.09	HASPIN	histone H3 associated protein kinase
2296	0.38	0.118	0.2161	1.5649923	0.33824432	1628.15	FOXC1	forkhead box C1
552889	0.39	0.124	0.0832	-1.5390962	-0.12812734	7460.89	ATXN7L3B	ataxin 7 like 3B
150221	0.391	0.124	0.1532	-1.5372989	-0.23550842	63.04	RIMBP3C	RIMS binding protein 3C
105379282	0.394	0.126	0.2066	1.5305826	0.3162254	77.86	LOC105379282	
9852	0.395	0.126	0.0714	-1.5282089	-0.10913337	1075.83	EPM2AIP1	EPM2A interacting protein 1
51161	0.398	0.128	0.1674	-1.5217521	-0.2548083	180.63	C3orf18	chromosome 3 open reading frame 18
3305	0.407	0.133	0.1282	-1.504315	-0.19287136	246.92	HSPA1L	heat shock protein family A (Hsp70) member 1 like
113179	0.412	0.135	0.0834	1.4934351	0.12461948	225.23	ADAT3	adenosine deaminase tRNA specific 3
51309	0.416	0.138	0.35	-1.4847655	-0.51966809	20.03	ARMCX1	armadillo repeat containing X-linked 1
100131244	0.417	0.138	0.054	-1.4829968	-0.08014731	859.41	ANKRD63	ankyrin repeat domain 63
9655	0.419	0.139	0.0559	-1.4787616	-0.08272207	1429.61	SOCS5	suppressor of cytokine signaling 5
107987042	0.42	0.14	0.2971	1.4755613	0.43837206	15.16	LOC107987042	phosphatidylinositol 4,5-bisphosphate 5-phosphatase A-like
7737	0.42	0.14	0.0464	-1.4747523	-0.06842041	1171.83	RNF113A	ring finger protein 113A
105373311	0.425	0.143	0.4131	1.4655	0.60544103	313.61	LOC105373311	uncharacterized LOC105373311
728392	0.427	0.144	0.1669	1.4614069	0.24392602	94.11	LOC728392	uncharacterized LOC728392
90120	0.429	0.145	0.1374	1.4574395	0.20027142	2058.96	TMEM250	transmembrane protein 250
503542	0.43	0.146	0.1452	-1.4533859	-0.21101373	370.96	SPRN	shadow of prion protein
440804	0.43	0.146	0.1472	-1.4534603	-0.21401744	53.56	RIMBP3B	RIMS binding protein 3B
84948	0.431	0.146	0.2543	1.4527872	0.36943859	1703.23	TIGD5	tigger transposable element derived 5
9306	0.433	0.148	0.0743	-1.4482511	-0.10765278	1169.64	SOCS6	suppressor of cytokine signaling 6
28955	0.433	0.148	0.078	1.4467589	0.11280785	970.85	DEXI	Dexi homolog
92104	0.433	0.148	0.1622	1.4463862	0.23462994	112.29	TTC30A	tetratricopeptide repeat domain 30A
388552	0.434	0.149	0.0692	1.4444419	0.10002108	1204.3	BLOC1S3	biogenesis of lysosomal organelles complex 1 subunit 3
2846	0.44	0.153	0.2071	-1.4282458	-0.29580832	47.18	LPAR4	lysophosphatidic acid receptor 4
2535	0.443	0.155	0.0713	1.4208147	0.10130298	783.11	FZD2	frizzled class receptor 2
85364	0.443	0.155	0.0705	-1.4206118	-0.10015442	5106.0	ZCCHC3	zinc finger CCHC-type containing 3
100507747	0.444	0.156	0.1697	-1.4189041	-0.24079569	112.08	C13orf46	chromosome 13 open reading frame 46
3767	0.445	0.156	0.2214	1.4172079	0.31378515	35.04	KCNJ11	potassium inwardly rectifying channel subfamily J member 11
55144	0.447	0.158	0.1515	-1.4133031	-0.21406408	8524.94	LRRC8D	leucine rich repeat containing 8 VRAC subunit D
23212	0.449	0.16	0.0871	1.4066416	0.12258545	3250.14	RRS1	ribosome biogenesis regulator 1 homolog
64925	0.452	0.162	0.0754	-1.3999755	-0.10557255	974.27	CCDC71	coiled-coil domain containing 71
23741	0.455	0.163	0.0352	-1.3956085	-0.0491052	7448.67	EID1	EP300 interacting inhibitor of differentiation 1
100463488	0.455	0.163	0.1875	-1.3954861	-0.26158726	471.72	MTRNR2L10	MT-RNR2 like 10 (pseudogene)
11219	0.457	0.165	0.2521	-1.3897029	-0.35035197	18.9	TREX2	three prime repair exonuclease 2
8477	0.458	0.166	0.239	-1.3860323	-0.33127984	78.96	GPR65	G protein-coupled receptor 65
9836	0.46	0.167	0.1338	1.3828445	0.18507793	528.39	LCMT2	leucine carboxyl methyltransferase 2
29057	0.464	0.169	0.1128	1.3744884	0.15503716	591.18	FAM156A	family with sequence similarity 156 member A
140701	0.465	0.17	0.2543	1.3726719	0.34911409	135.37	ABHD16B	abhydrolase domain containing 16B
81793	0.465	0.17	0.7544	-1.3720123	-1.03505143	45.48	TLR10	toll like receptor 10
440672	0.466	0.17	0.121	-1.3708589	-0.16583801	2591.87	NUDT4B	nudix hydrolase 4B
107986755	0.466	0.171	0.3343	-1.3698136	-0.45796081	13.3	LOC107986755	replaced by ID 105375120
64112	0.467	0.171	0.0588	-1.3688399	-0.08044703	3425.49	MOAP1	modulator of apoptosis 1
1901	0.47	0.173	0.195	1.362282	0.26563233	284.85	S1PR1	sphingosine-1-phosphate receptor 1
101928527	0.47	0.173	0.1691	-1.3620107	-0.23033594	418.01	PIGBOS1	PIGB opposite strand 1
741	0.47	0.174	0.1396	-1.3608192	-0.18995181	591.45	ZNHIT2	zinc finger HIT-type containing 2
83541	0.471	0.174	0.1265	1.3595745	0.17192343	3616.27	FAM110A	family with sequence similarity 110 member A
115207	0.476	0.177	0.1961	1.3489851	0.26459779	107.13	KCTD12	potassium channel tetramerization domain containing 12
92610	0.477	0.178	0.2293	-1.3479031	-0.3090621	1437.05	TIFA	TRAF interacting protein with forkhead associated domain
7096	0.481	0.18	0.406	-1.3403219	-0.5441156	94.24	TLR1	toll like receptor 1
23520	0.482	0.181	0.2526	1.3375234	0.3378121	17.48	ANP32C	acidic nuclear phosphoprotein 32 family member C
94107	0.482	0.181	0.0654	1.3365918	0.08742565	1377.42	TMEM203	transmembrane protein 203
8851	0.483	0.182	0.2373	1.3355353	0.31689865	139.92	CDK5R1	cyclin dependent kinase 5 regulatory subunit 1
54943	0.483	0.182	0.1323	1.334599	0.17650154	93.26	DNAJC28	DnaJ heat shock protein family (Hsp40) member C28
2837	0.484	0.182	0.3889	-1.3336028	-0.51867765	19.03	UTS2R	urotensin 2 receptor
441531	0.486	0.184	0.1181	1.3276192	0.15676082	256.92	PGAM4	phosphoglycerate mutase family member 4
28477	0.489	0.186	0.3903	-1.3211197	-0.51557337	47.54	IGHJ4	immunoglobulin heavy joining 4
339324	0.491	0.188	0.0611	-1.3157449	-0.0804035	1523.9	ZNF260	zinc finger protein 260
79697	0.5	0.194	0.1132	1.2978609	0.14692042	1377.65	RIOX1	ribosomal oxygenase 1
84792	0.502	0.195	0.1019	-1.2947739	-0.13196795	685.99	FAM220A	family with sequence similarity 220 member A
151306	0.504	0.197	0.2212	1.2897604	0.28532406	35.59	GPBAR1	G protein-coupled bile acid receptor 1
79896	0.504	0.197	0.1567	-1.2889415	-0.2019975	332.58	THNSL1	threonine synthase like 1
400629	0.507	0.199	0.3052	1.2836241	0.39178276	29.7	TEX19	testis expressed 19
9889	0.507	0.199	0.072	-1.2830635	-0.09238016	6318.55	ZBED4	zinc finger BED-type containing 4
219	0.51	0.202	0.1043	1.2764228	0.1331403	1300.75	ALDH1B1	aldehyde dehydrogenase 1 family member B1
115761	0.512	0.203	0.1496	1.2724659	0.19039842	448.49	ARL11	ADP ribosylation factor like GTPase 11
285550	0.514	0.205	0.0835	-1.2681784	-0.10594103	599.58	FAM200B	family with sequence similarity 200 member B
379	0.516	0.206	0.2653	1.2642683	0.33540574	137.17	ARL4D	ADP ribosylation factor like GTPase 4D
91603	0.516	0.206	0.0661	-1.2636386	-0.08349384	858.82	ZNF830	zinc finger protein 830
2237	0.518	0.207	0.3572	1.2605341	0.45030367	2096.73	FEN1	flap structure-specific endonuclease 1
643314	0.52	0.209	0.5263	1.2556472	0.66078735	19.59	KIAA0754	replaced by ID 23499
5896	0.521	0.21	0.2203	-1.2539734	-0.27628965	72.19	RAG1	recombination activating 1
55150	0.521	0.21	0.1342	1.2538193	0.168267	116.18	C19orf73	chromosome 19 open reading frame 73
347454	0.522	0.211	0.4713	1.2520391	0.59009589	29.73	SOWAHD	sosondowah ankyrin repeat domain family member D
114801	0.522	0.211	0.8275	-1.2517628	-1.03588995	17.06	TMEM200A	transmembrane protein 200A
90843	0.523	0.212	0.1333	-1.2492342	-0.16652405	1098.22	TCEAL8	transcription elongation factor A like 8
51315	0.523	0.212	0.2743	-1.2480921	-0.34240471	408.36	KRCC1	lysine rich coiled-coil 1
27319	0.524	0.212	0.3108	1.2470374	0.38752126	660.48	BHLHE22	basic helix-loop-helix family member e22
346157	0.524	0.213	0.2392	-1.2467075	-0.29817154	148.82	ZNF391	zinc finger protein 391
390072	0.526	0.215	0.6188	1.2404846	0.76763111	20.64	OR52N4	olfactory receptor family 52 subfamily N member 4
151516	0.527	0.215	0.1818	-1.2391043	-0.22524947	112.79	ASPRV1	aspartic peptidase retroviral like 1
109703458	0.53	0.218	0.0715	1.2319053	0.08805099	570.37	HTD2	hydroxyacyl-thioester dehydratase type 2
10904	0.534	0.221	0.05	-1.223537	-0.06123633	2128.78	BLCAP	BLCAP apoptosis inducing factor
10670	0.536	0.222	0.1087	-1.220806	-0.13274378	1157.99	RRAGA	Ras related GTP binding A
84890	0.536	0.222	0.1489	-1.2201674	-0.18172534	2140.54	ADO	2-aminoethanethiol dioxygenase
100996574	0.541	0.226	0.2753	1.2114854	0.33348673	19.21	LOC100996574	
100130933	0.541	0.226	0.6479	-1.2112351	-0.78477879	17.7	SMIM6	small integral membrane protein 6
389289	0.541	0.226	0.2379	1.2097901	0.2877792	230.84	ANXA2R	annexin A2 receptor
50832	0.542	0.227	0.3706	-1.2069873	-0.44731312	18.76	TAS2R4	taste 2 receptor member 4
286827	0.542	0.228	0.1574	1.2047491	0.18964099	57.76	TRIM59	tripartite motif containing 59
28481	0.542	0.228	0.333	-1.204911	-0.40118785	48.32	IGHJ2	immunoglobulin heavy joining 2
80039	0.545	0.23	0.1607	1.2013758	0.19304979	66.61	FAM106A	family with sequence similarity 106 member A
752014	0.546	0.23	0.1319	-1.1991287	-0.15816696	129.14	CEMP1	cementum protein 1
162968	0.546	0.231	0.1074	1.1984252	0.12872537	539.42	ZNF497	zinc finger protein 497
127534	0.548	0.232	0.6119	1.19447	0.7309474	16.21	GJB4	gap junction protein beta 4
10333	0.558	0.24	0.239	-1.1744511	-0.28066538	178.97	TLR6	toll like receptor 6
100142659	0.559	0.241	0.2819	-1.1722845	-0.33046001	15.06	CTAGE8	CTAGE family member 8
7705	0.561	0.242	0.0661	1.1700121	0.07730167	11962.96	ZNF146	zinc finger protein 146
150	0.562	0.243	0.2782	-1.1671849	-0.32475427	483.18	ADRA2A	adrenoceptor alpha 2A
9586	0.564	0.244	0.4217	1.1641165	0.49096091	111.39	CREB5	cAMP responsive element binding protein 5
10009	0.567	0.247	0.1107	1.1575602	0.12817142	2747.17	ZBTB33	zinc finger and BTB domain containing 33
6879	0.567	0.247	0.0814	-1.1565166	-0.09413573	4637.91	TAF7	TATA-box binding protein associated factor 7
283106	0.572	0.25	0.053	-1.1496588	-0.06096103	1292.26	CSNK2A3	casein kinase 2 alpha 3
284615	0.574	0.253	0.1585	1.1439296	0.18134388	60.1	ANKRD34A	ankyrin repeat domain 34A
51601	0.578	0.255	0.0958	1.1372334	0.10895305	168.89	LIPT1	lipoyltransferase 1
63979	0.588	0.264	0.3055	1.1169197	0.34116398	1386.23	FIGNL1	fidgetin like 1
23237	0.589	0.266	0.3167	1.1131993	0.35256123	131.73	ARC	activity regulated cytoskeleton associated protein
285601	0.592	0.267	0.3262	1.10929	0.36182559	35.16	GPR150	G protein-coupled receptor 150
113730	0.592	0.268	0.7879	-1.1069971	-0.87220905	982.15	KLHDC7B	kelch domain containing 7B
283489	0.596	0.272	0.1335	-1.0991259	-0.14674581	2506.91	CHAMP1	chromosome alignment maintaining phosphoprotein 1
1269	0.598	0.273	0.4441	-1.0954219	-0.48649075	95.34	CNR2	cannabinoid receptor 2
389333	0.599	0.274	0.0834	1.0937874	0.09118695	248.66	PROB1	proline rich basic protein 1
140467	0.602	0.277	0.13	1.0872015	0.14134557	1321.13	ZNF358	zinc finger protein 358
84189	0.605	0.281	0.6778	-1.0782671	-0.73084241	93.22	SLITRK6	SLIT and NTRK like family member 6
54627	0.607	0.283	0.0958	-1.0742623	-0.1029054	184.27	MAP10	microtubule associated protein 10
28498	0.612	0.287	0.2423	1.0638407	0.25775563	36.77	IGHD3-16	immunoglobulin heavy diversity 3-16
170487	0.617	0.292	0.2696	1.0534971	0.28397686	28.46	ACTL10	actin like 10
92342	0.618	0.293	0.0928	1.0510822	0.09752087	275.65	METTL18	methyltransferase like 18
78988	0.619	0.294	0.1034	1.0499096	0.10852071	2201.95	MRPL57	mitochondrial ribosomal protein L57
84842	0.619	0.295	0.1515	1.0480138	0.15877424	744.49	HPDL	4-hydroxyphenylpyruvate dioxygenase like
84002	0.619	0.294	0.2042	-1.0483462	-0.21402918	261.82	B3GNT5	UDP-GlcNAc:betaGal beta-1,3-N-acetylglucosaminyltransferase 5
23636	0.622	0.297	0.0591	1.0424862	0.06165137	10955.53	NUP62	nucleoporin 62
64207	0.624	0.3	0.0823	1.0360392	0.08529101	1368.56	IRF2BPL	interferon regulatory factor 2 binding protein like
388531	0.625	0.302	0.1641	-1.0328184	-0.16943502	303.74	RGS9BP	regulator of G protein signaling 9 binding protein
6971	0.627	0.304	0.1924	-1.0277986	-0.19777634	314.69	TRGJP1	T cell receptor gamma joining P1
645191	0.627	0.304	0.2785	1.0278032	0.28627977	780.46	LINGO3	leucine rich repeat and Ig domain containing 3
162387	0.627	0.305	0.234	1.0265391	0.24016259	40.29	MFSD6L	major facilitator superfamily domain containing 6 like
255275	0.628	0.305	0.196	1.0253394	0.20092684	30.62	MYADML2	myeloid associated differentiation marker like 2
643988	0.628	0.306	0.1137	1.0244128	0.11647932	2046.32	FNDC10	fibronectin type III domain containing 10
4783	0.628	0.306	0.1865	-1.0231375	-0.19086315	1578.28	NFIL3	nuclear factor, interleukin 3 regulated
24147	0.628	0.306	0.3237	1.0236362	0.3313083	204.31	FJX1	four-jointed box kinase 1
107984341	0.628	0.306	0.2404	1.0227799	0.24590574	47.97	LOC107984341	uncharacterized LOC107984341
64789	0.629	0.307	0.1263	-1.0219428	-0.12907724	785.66	EXO5	exonuclease 5
2852	0.629	0.307	0.3918	1.0213876	0.40013593	23.56	GPER1	G protein-coupled estrogen receptor 1
285513	0.634	0.312	0.5111	-1.0106387	-0.51649025	14.96	GPRIN3	GPRIN family member 3
54329	0.637	0.315	0.0488	-1.0051598	-0.04905708	2728.34	GPR85	G protein-coupled receptor 85
11277	0.638	0.317	0.205	1.0006439	0.20517674	84.1	TREX1	three prime repair exonuclease 1
388	0.638	0.317	0.6671	0.9997976	0.66696884	58.33	RHOB	ras homolog family member B
53842	0.645	0.324	0.1283	-0.9865661	-0.12659067	105.42	CLDN22	claudin 22
27304	0.651	0.332	0.1051	0.9692053	0.1018389	703.45	MOCS3	molybdenum cofactor synthesis 3
56160	0.653	0.334	0.0588	-0.9654035	-0.0567686	1608.27	NSMCE3	NSE3 homolog, SMC5-SMC6 complex component
201798	0.653	0.335	0.2963	0.964233	0.28567445	18.44	TIGD4	tigger transposable element derived 4
388327	0.654	0.335	0.1473	0.9634761	0.14190507	199.74	C17orf100	chromosome 17 open reading frame 100
10678	0.655	0.338	0.1469	-0.958921	-0.1408396	6610.37	B3GNT2	UDP-GlcNAc:betaGal beta-1,3-N-acetylglucosaminyltransferase 2
10929	0.657	0.34	0.0489	-0.9541607	-0.04661315	3908.64	SRSF8	serine and arginine rich splicing factor 8
10435	0.658	0.341	0.2641	0.952885	0.25162359	64.84	CDC42EP2	CDC42 effector protein 2
84636	0.66	0.343	0.1861	-0.9480354	-0.17643268	1233.79	GPR174	G protein-coupled receptor 174
103344718	0.661	0.344	0.9942	-0.9456229	-0.94013015	158.21	HOTS	
5279	0.665	0.348	0.0811	-0.9389555	-0.0761659	1050.69	PIGC	phosphatidylinositol glycan anchor biosynthesis class C
114990	0.666	0.349	0.5365	-0.9366569	-0.50249957	50.47	VASN	vasorin
388610	0.668	0.351	0.2178	-0.9317916	-0.20294735	160.42	TRNP1	TMF1 regulated nuclear protein 1
150737	0.669	0.353	0.1112	0.9286708	0.1032295	127.47	TTC30B	tetratricopeptide repeat domain 30B
1059	0.672	0.357	0.1193	0.921966	0.1100063	3991.23	CENPB	centromere protein B
382	0.673	0.357	0.0858	-0.9204362	-0.07897893	7618.43	ARF6	ADP ribosylation factor 6
222171	0.674	0.36	0.2766	-0.9153724	-0.25323737	46.86	PRR15	proline rich 15
259295	0.676	0.362	0.1872	-0.9114236	-0.17061319	31.01	TAS2R20	taste 2 receptor member 20
9592	0.678	0.366	0.2061	0.9049125	0.18653736	18022.35	IER2	immediate early response 2
79760	0.678	0.366	0.0882	-0.904791	-0.07982197	1505.71	GEMIN7	gem nuclear organelle associated protein 7
94059	0.679	0.367	0.1467	0.9022204	0.13239506	1865.94	LENG9	leukocyte receptor cluster member 9
9724	0.684	0.373	0.0503	0.89098	0.04478853	1133.69	UTP14C	UTP14C small subunit processome component
55629	0.684	0.373	0.0845	-0.890663	-0.07529311	9575.37	PNRC2	proline rich nuclear receptor coactivator 2
9997	0.684	0.373	0.1062	-0.8899829	-0.09448279	465.15	SCO2	synthesis of cytochrome C oxidase 2
10557	0.685	0.375	0.1034	-0.8874956	-0.09178911	727.59	RPP38	ribonuclease P/MRP subunit p38
90485	0.685	0.375	0.1387	0.8873423	0.12308714	469.66	ZNF835	zinc finger protein 835
127665	0.686	0.376	0.797	-0.885375	-0.70564916	20.77	ZNF648	zinc finger protein 648
8204	0.686	0.376	0.0771	0.8853044	0.06827438	18182.16	NRIP1	nuclear receptor interacting protein 1
79147	0.687	0.378	0.1183	-0.8820395	-0.10432215	3098.52	FKRP	fukutin related protein
3310	0.687	0.378	0.5539	-0.8817631	-0.48844673	62.17	HSPA6	heat shock protein family A (Hsp70) member 6
9934	0.69	0.382	0.3955	-0.8746076	-0.34588031	39.62	P2RY14	purinergic receptor P2Y14
22928	0.69	0.382	0.0699	0.8742389	0.06108042	20188.53	SEPHS2	selenophosphate synthetase 2
3306	0.692	0.384	0.6456	0.8705074	0.56197034	79.8	HSPA2	heat shock protein family A (Hsp70) member 2
9220	0.692	0.385	0.1804	-0.8695274	-0.15690547	1096.72	TIAF1	replaced by ID 399687
389856	0.697	0.391	0.1552	-0.8573902	-0.13303142	117.01	USP27X	ubiquitin specific peptidase 27 X-linked
101928120	0.697	0.391	0.0643	-0.857037	-0.05513307	477.49	LOC101928120	uncharacterized LOC101928120
3303	0.701	0.395	0.141	0.8501207	0.1198505	4520.0	HSPA1A	heat shock protein family A (Hsp70) member 1A
55958	0.707	0.402	0.0902	-0.838378	-0.07558137	2340.17	KLHL9	kelch like family member 9
92935	0.708	0.402	0.0765	-0.8380394	-0.06413915	1101.43	MARS2	methionyl-tRNA synthetase 2, mitochondrial
57050	0.709	0.403	0.0424	-0.8356757	-0.03547081	1482.88	UTP3	UTP3 small subunit processome component
84992	0.709	0.404	0.0622	-0.8350961	-0.05195472	2846.22	PIGY	phosphatidylinositol glycan anchor biosynthesis class Y
143630	0.716	0.412	0.343	0.8195426	0.28113991	16.23	UBQLNL	ubiquilin like
80320	0.716	0.413	0.2596	-0.8187935	-0.21256447	18.85	SP6	Sp6 transcription factor
26740	0.717	0.414	0.2462	-0.8173055	-0.20119384	30.64	OR1J2	olfactory receptor family 1 subfamily J member 2
5813	0.718	0.415	0.1668	0.8148399	0.13588062	767.74	PURA	purine rich element binding protein A
3185	0.718	0.415	0.0666	-0.8144744	-0.05426879	14995.18	HNRNPF	heterogeneous nuclear ribonucleoprotein F
9021	0.718	0.416	0.2656	0.8135292	0.2161035	1611.18	SOCS3	suppressor of cytokine signaling 3
23403	0.719	0.417	0.0368	0.812245	0.02988934	4596.19	FBXO46	F-box protein 46
135458	0.719	0.418	0.3463	-0.8105257	-0.28072191	29.79	HUS1B	HUS1 checkpoint clamp component B
107985556	0.722	0.421	0.2769	0.8041287	0.22264315	20.52	LOC107985556	
55017	0.723	0.422	0.0951	0.8032019	0.07634672	1414.48	C14orf119	chromosome 14 open reading frame 119
9240	0.725	0.424	0.1363	-0.799443	-0.10894868	4743.26	PNMA1	PNMA family member 1
29950	0.725	0.424	0.1922	0.7993888	0.15361694	1014.51	SERTAD1	SERTA domain containing 1
51157	0.727	0.426	0.0826	-0.796376	-0.06578909	3684.33	ZNF580	zinc finger protein 580
107986596	0.727	0.427	0.2895	0.7948577	0.23011595	20.66	LOC107986596	uncharacterized LOC107986596
220213	0.727	0.427	0.1531	-0.7945874	-0.12163319	79.43	OTUD1	OTU deubiquitinase 1
23769	0.738	0.44	0.3837	-0.7728695	-0.29656855	76.8	FLRT1	fibronectin leucine rich transmembrane protein 1
126792	0.739	0.441	0.125	-0.7703417	-0.09628731	5350.9	B3GALT6	beta-1,3-galactosyltransferase 6
58486	0.74	0.443	0.1201	-0.7671678	-0.0921304	732.15	ZBED5	zinc finger BED-type containing 5
9278	0.74	0.443	0.0611	0.766763	0.04686183	1182.24	ZBTB22	zinc finger and BTB domain containing 22
49861	0.746	0.45	0.3549	-0.7557695	-0.26821661	15.83	CLDN20	claudin 20
57567	0.749	0.454	0.1017	-0.7484107	-0.07609555	1117.46	ZNF319	zinc finger protein 319
122416	0.751	0.457	0.3775	-0.7444611	-0.28101247	16.34	ANKRD9	ankyrin repeat domain 9
92014	0.751	0.458	0.073	-0.7423219	-0.05420059	513.75	SLC25A51	solute carrier family 25 member 51
162998	0.751	0.458	0.4059	0.7422763	0.30126281	40.74	OR7D2	olfactory receptor family 7 subfamily D member 2
7789	0.753	0.46	0.1159	-0.7384942	-0.08562015	280.97	ZXDA	zinc finger X-linked duplicated A
494514	0.753	0.461	0.3197	0.737716	0.23582646	1504.44	TYMSOS	TYMS opposite strand RNA
126069	0.753	0.461	0.2263	0.7372111	0.16679475	30.94	ZNF491	zinc finger protein 491
54876	0.754	0.462	0.1355	0.7352412	0.09965823	3384.35	DCAF16	DDB1 and CUL4 associated factor 16
9495	0.756	0.465	0.1956	0.7306652	0.14289426	192.36	AKAP5	A-kinase anchoring protein 5
9443	0.758	0.468	0.1355	0.7264555	0.09844139	243.29	MED7	mediator complex subunit 7
10023	0.764	0.476	0.0915	0.7134378	0.06527	988.87	FRAT1	FRAT regulator of WNT signaling pathway 1
79692	0.764	0.476	0.1446	-0.712167	-0.10300439	881.68	ZNF322	zinc finger protein 322
100128927	0.766	0.478	0.1598	-0.7099721	-0.11348139	1169.66	ZBTB42	zinc finger and BTB domain containing 42
158055	0.767	0.479	0.154	-0.7075198	-0.10897325	51.11	C9orf163	chromosome 9 putative open reading frame 163
10773	0.767	0.48	0.1016	0.7067567	0.0718022	440.42	ZBTB6	zinc finger and BTB domain containing 6
112268052	0.769	0.482	0.0895	0.7034585	0.06297052	905.65	LOC112268052	
83742	0.769	0.482	0.1394	0.7027515	0.09793486	2588.68	MARVELD1	MARVEL domain containing 1
107986084	0.769	0.483	0.218	0.7018207	0.15302478	37.72	LOC107986084	replaced by ID 7375
100128553	0.769	0.483	0.3245	-0.701377	-0.22758248	14.75	CTAGE4	CTAGE family member 4
144608	0.771	0.485	0.2164	0.6977393	0.15095819	29.76	C12orf60	chromosome 12 open reading frame 60
2523	0.772	0.486	0.5254	-0.6959375	-0.36565052	137.76	FUT1	fucosyltransferase 1 (H blood group)
220359	0.772	0.488	0.1515	0.6938465	0.10508803	65.24	TIGD3	tigger transposable element derived 3
392617	0.774	0.49	0.2795	0.6904394	0.19296044	88.32	ELFN1	extracellular leucine rich repeat and fibronectin type III domain containing 1
5093	0.777	0.493	0.0544	0.6848128	0.03728743	11977.88	PCBP1	poly(rC) binding protein 1
27245	0.78	0.499	0.0683	-0.6764871	-0.04620928	6285.99	AHDC1	AT-hook DNA binding motif containing 1
101410538	0.78	0.499	0.1238	0.6756367	0.08361126	916.22	MMP24OS	MMP24 opposite strand
285643	0.784	0.506	0.2745	0.6653088	0.18263918	29.98	KIF4B	kinesin family member 4B
164091	0.787	0.509	0.2088	-0.6602935	-0.13787001	80.81	PAQR7	progestin and adipoQ receptor family member 7
23563	0.788	0.511	0.6206	0.6573613	0.4079833	13.43	CHST5	carbohydrate sulfotransferase 5
9880	0.789	0.512	0.0837	0.6564778	0.05493706	1487.74	ZBTB39	zinc finger and BTB domain containing 39
100381270	0.791	0.515	0.1154	0.6504741	0.07506644	1361.02	ZBED6	zinc finger BED-type containing 6
3304	0.794	0.519	0.1452	0.6442663	0.09352703	7348.07	HSPA1B	heat shock protein family A (Hsp70) member 1B
11072	0.796	0.522	0.0672	-0.6409235	-0.04308673	1032.07	DUSP14	dual specificity phosphatase 14
401097	0.796	0.522	0.3463	-0.6403128	-0.2217151	3287.93	C3orf80	chromosome 3 open reading frame 80
22822	0.797	0.524	0.1291	-0.6374119	-0.08230527	1281.75	PHLDA1	pleckstrin homology like domain family A member 1
84826	0.797	0.525	0.0719	-0.6363592	-0.04577828	527.29	SFT2D3	SFT2 domain containing 3
255374	0.798	0.526	0.1728	0.6338503	0.10953491	44.67	MBLAC1	metallo-beta-lactamase domain containing 1
80723	0.8	0.529	0.1843	-0.6294915	-0.11601382	93.39	SLC35G2	solute carrier family 35 member G2
79894	0.802	0.532	0.1452	0.6249109	0.09075304	1710.57	ZNF672	zinc finger protein 672
10252	0.803	0.533	0.2328	0.6227519	0.14497558	489.95	SPRY1	sprouty RTK signaling antagonist 1
7056	0.803	0.535	0.4511	0.6210358	0.2801646	656.65	THBD	thrombomodulin
255783	0.804	0.535	0.0566	-0.6201817	-0.03509158	1110.08	INAFM1	InaF motif containing 1
54344	0.804	0.536	0.1321	-0.6192864	-0.08182182	525.21	DPM3	dolichyl-phosphate mannosyltransferase subunit 3, regulatory
126003	0.804	0.537	0.1668	0.6171018	0.10292267	1380.43	TRAPPC5	trafficking protein particle complex subunit 5
131583	0.805	0.539	0.1189	-0.6139742	-0.07299648	3807.05	FAM43A	family with sequence similarity 43 member A
338773	0.807	0.542	0.2063	-0.6102533	-0.12588532	46.51	TMEM119	transmembrane protein 119
8698	0.807	0.543	0.1187	0.6088214	0.07224015	2437.34	S1PR4	sphingosine-1-phosphate receptor 4
55794	0.81	0.546	0.1487	-0.6033847	-0.08969684	1139.59	DDX28	DEAD-box helicase 28
340719	0.815	0.554	0.4867	0.5915991	0.28794222	29.82	NANOS1	nanos C2HC-type zinc finger 1
284131	0.815	0.555	0.1543	-0.5909119	-0.09118548	449.84	ENDOV	endonuclease V
10597	0.818	0.558	0.1	-0.5856195	-0.05858646	225.37	TRAPPC2B	trafficking protein particle complex subunit 2B
3579	0.821	0.563	0.3304	-0.5781282	-0.19100103	191.75	CXCR2	C-X-C motif chemokine receptor 2
10124	0.821	0.565	0.2576	0.5758769	0.14832918	1410.7	ARL4A	ADP ribosylation factor like GTPase 4A
28505	0.822	0.566	0.2574	0.5741525	0.14779733	19.18	IGHD2-2	immunoglobulin heavy diversity 2-2
1050	0.823	0.568	0.2636	-0.5708237	-0.1504894	11481.61	CEBPA	CCAAT enhancer binding protein alpha
105370092	0.824	0.57	0.4673	0.5675599	0.26523122	114.96	LOC105370092	uncharacterized LOC105370092
7316	0.826	0.573	0.0522	-0.5632371	-0.02941047	42369.84	UBC	ubiquitin C
56548	0.827	0.574	0.1216	-0.5615668	-0.06830159	413.09	CHST7	carbohydrate sulfotransferase 7
28476	0.827	0.575	0.3539	-0.56086	-0.19849769	57.92	IGHJ5	immunoglobulin heavy joining 5
51566	0.828	0.576	0.0781	-0.5597128	-0.04368637	2591.67	ARMCX3	armadillo repeat containing X-linked 3
51278	0.828	0.577	0.1928	0.5577578	0.10751757	3615.71	IER5	immediate early response 5
389692	0.828	0.577	0.1022	-0.5579103	-0.05699939	1211.32	MAFA	MAF bZIP transcription factor A
643246	0.828	0.577	0.1821	0.5578374	0.10160016	136.35	MAP1LC3B2	microtubule associated protein 1 light chain 3 beta 2
266655	0.83	0.58	0.0665	0.5530613	0.03675723	1421.11	BRD3OS	BRD3 opposite strand
22845	0.836	0.591	0.0765	0.5371552	0.04108808	395.33	DOLK	dolichol kinase
1132	0.836	0.59	0.127	-0.5381721	-0.06836989	116.53	CHRM4	cholinergic receptor muscarinic 4
347148	0.836	0.593	0.2991	0.5345036	0.15987492	132.09	QRFP	pyroglutamylated RFamide peptide
7259	0.84	0.601	0.0953	-0.5226782	-0.0498132	2984.48	TSPYL1	TSPY like 1
140883	0.842	0.605	0.0865	-0.5178254	-0.04481412	355.69	ZNF280B	zinc finger protein 280B
100462977	0.844	0.608	0.2813	-0.513332	-0.14441522	15.25	MTRNR2L1	MT-RNR2 like 1 (pseudogene)
161779	0.844	0.608	0.1988	-0.5125115	-0.10190695	398.7	PGBD4	piggyBac transposable element derived 4
3269	0.847	0.613	0.2012	0.505223	0.10165177	48.72	HRH1	histamine receptor H1
138881	0.848	0.615	0.2408	0.5036185	0.12124803	21.9	OR1L8	olfactory receptor family 1 subfamily L member 8
494115	0.848	0.615	0.1039	-0.5024525	-0.05221717	1976.92	RBMXL1	RBMX like 1
5509	0.85	0.619	0.0593	0.4973176	0.02950702	412.38	PPP1R3D	protein phosphatase 1 regulatory subunit 3D
2086	0.853	0.623	0.0824	0.4914233	0.04049022	583.38	ERV3-1	endogenous retrovirus group 3 member 1, envelope
286319	0.853	0.625	0.0752	0.4882653	0.03672148	981.82	TUSC1	tumor suppressor candidate 1
7314	0.853	0.627	0.1299	0.486526	0.0631795	28861.85	UBB	ubiquitin B
10800	0.853	0.626	0.2903	-0.4873537	-0.14146762	762.11	CYSLTR1	cysteinyl leukotriene receptor 1
2838	0.855	0.629	0.3213	0.4828103	0.1551353	65.16	GPR15	G protein-coupled receptor 15
143244	0.855	0.63	0.0889	0.4822002	0.04286375	915.87	EIF5AL1	eukaryotic translation initiation factor 5A like 1
391	0.855	0.63	0.0581	0.4814096	0.02799126	7849.41	RHOG	ras homolog family member G
4142	0.856	0.632	0.3587	-0.4794731	-0.17197143	14.28	MAS1	MAS1 proto-oncogene, G protein-coupled receptor
202915	0.856	0.633	0.1108	-0.4782057	-0.05300093	229.57	TMEM184A	transmembrane protein 184A
149371	0.858	0.635	0.0702	-0.4743926	-0.03331473	837.59	EXOC8	exocyst complex component 8
646817	0.859	0.638	0.2246	-0.4708449	-0.10574396	42.3	SETSIP	SET like protein
4974	0.862	0.642	0.2824	-0.4653983	-0.13143494	20.65	OMG	oligodendrocyte myelin glycoprotein
55769	0.862	0.642	0.0668	-0.4645871	-0.03104244	2763.63	ZNF83	zinc finger protein 83
26145	0.863	0.645	0.0429	-0.4608689	-0.01978817	5098.78	IRF2BP1	interferon regulatory factor 2 binding protein 1
81789	0.864	0.647	0.2467	0.457469	0.11284954	68.47	TIGD6	tigger transposable element derived 6
343172	0.865	0.648	0.1857	-0.4569601	-0.0848605	63.59	OR2T8	olfactory receptor family 2 subfamily T member 8
643136	0.868	0.654	0.0673	-0.4487351	-0.03019812	388.1	ZC3H11B	zinc finger CCCH-type containing 11B
158038	0.87	0.656	0.291	0.4447674	0.12944649	44.6	LINGO2	leucine rich repeat and Ig domain containing 2
57105	0.87	0.658	0.1323	-0.442714	-0.05855875	96.46	CYSLTR2	cysteinyl leukotriene receptor 2
643853	0.871	0.661	0.1449	-0.4391882	-0.06362459	243.61	TMPPE	transmembrane protein with metallophosphoesterase domain
100507290	0.871	0.661	0.0984	0.4388164	0.04317271	4532.38	ZNF865	zinc finger protein 865
55654	0.872	0.662	0.0458	-0.4371267	-0.02004093	4015.87	TMEM127	transmembrane protein 127
2188	0.872	0.663	0.196	0.4354145	0.08535334	977.14	FANCF	FA complementation group F
165140	0.873	0.664	0.2168	0.4340386	0.09408029	43.47	OXER1	oxoeicosanoid receptor 1
5828	0.873	0.665	0.0725	0.4328711	0.03140257	2574.62	PEX2	peroxisomal biogenesis factor 2
28479	0.875	0.668	0.1742	0.428325	0.07463301	477.57	IGHJ3	immunoglobulin heavy joining 3
284098	0.876	0.67	0.1449	0.4261691	0.06173208	1027.23	PIGW	phosphatidylinositol glycan anchor biosynthesis class W
283	0.876	0.67	0.4097	0.4257792	0.17442875	13.29	ANG	angiogenin
100144748	0.879	0.678	0.2173	0.4158449	0.09036264	163.98	KLLN	killin, p53 regulated DNA replication inhibitor
57215	0.88	0.679	0.1151	-0.4142645	-0.04766123	2734.01	THAP11	THAP domain containing 11
107987254	0.88	0.68	0.1828	-0.4126389	-0.0754231	66.2	LOC107987254	
9367	0.881	0.682	0.0759	-0.4094619	-0.03106693	473.84	RAB9A	RAB9A, member RAS oncogene family
2300	0.883	0.687	0.0794	-0.4033002	-0.03202389	410.38	FOXL1	forkhead box L1
29890	0.883	0.688	0.1096	0.401181	0.04397585	5614.63	RBM15B	RNA binding motif protein 15B
105372798	0.883	0.689	0.2677	-0.4001114	-0.10709401	24.46	LOC105372798	uncharacterized LOC105372798
1238	0.883	0.69	0.599	0.3992343	0.2391218	39.62	ACKR2	atypical chemokine receptor 2
100996492	0.887	0.697	0.3153	0.3897755	0.12287776	50.52	CTXND1	cortexin domain containing 1
57827	0.888	0.698	0.067	-0.3874256	-0.02594568	1159.78	C6orf47	chromosome 6 open reading frame 47
84277	0.888	0.699	0.0929	0.3863083	0.03587238	547.69	DNAJC30	DnaJ heat shock protein family (Hsp40) member C30
79803	0.888	0.699	0.0951	0.3860336	0.03670643	1232.77	HPS6	HPS6 biogenesis of lysosomal organelles complex 2 subunit 3
10251	0.889	0.701	0.1367	-0.3839596	-0.0524718	102.2	SPRY3	sprouty RTK signaling antagonist 3
474384	0.891	0.707	0.1019	0.3764823	0.03837685	346.16	F8A3	coagulation factor VIII associated 3
166815	0.893	0.71	0.0908	-0.3719034	-0.0337874	587.44	TIGD2	tigger transposable element derived 2
29071	0.893	0.712	0.1477	0.3686591	0.05446788	431.01	C1GALT1C1	C1GALT1 specific chaperone 1
23401	0.893	0.713	0.1317	-0.3673115	-0.04836005	2838.08	FRAT2	FRAT regulator of WNT signaling pathway 2
342538	0.896	0.723	0.2825	0.354118	0.10003376	23.82	NACA2	nascent polypeptide associated complex subunit alpha 2
2811	0.898	0.727	0.5288	-0.3486533	-0.184368	128.63	GP1BA	glycoprotein Ib platelet subunit alpha
10614	0.898	0.727	0.1984	0.348737	0.06919664	5312.44	HEXIM1	HEXIM P-TEFb complex subunit 1
100505573	0.898	0.728	0.1809	-0.3482786	-0.06301377	4313.65	INAFM2	InaF motif containing 2
57684	0.901	0.734	0.0775	-0.3394285	-0.02631661	752.76	ZBTB26	zinc finger and BTB domain containing 26
11251	0.902	0.737	0.3747	-0.3358433	-0.12582406	1138.77	PTGDR2	prostaglandin D2 receptor 2
54429	0.902	0.738	0.3141	0.3348827	0.10517785	62.34	TAS2R5	taste 2 receptor member 5
2298	0.902	0.739	0.1409	0.3328718	0.04691708	100.2	FOXD4	forkhead box D4
6972	0.903	0.743	0.0962	-0.3283853	-0.03159134	155.12	TRGJP2	T cell receptor gamma joining P2
163590	0.904	0.744	0.0804	-0.3266224	-0.02626509	2196.13	TOR1AIP2	torsin 1A interacting protein 2
219844	0.904	0.744	0.1301	-0.3264037	-0.04245754	190.49	HYLS1	HYLS1 centriolar and ciliogenesis associated
80010	0.906	0.749	0.1158	-0.3204873	-0.03710182	1270.73	RMI1	RecQ mediated genome instability 1
51287	0.906	0.749	0.0716	0.3198074	0.02289905	3285.11	COA4	cytochrome c oxidase assembly factor 4 homolog
80298	0.906	0.749	0.0525	-0.3196031	-0.01678665	705.25	MTERF2	mitochondrial transcription termination factor 2
152	0.907	0.75	0.6213	-0.3182293	-0.19771075	464.79	ADRA2C	adrenoceptor alpha 2C
492311	0.908	0.753	0.2611	0.3143881	0.08207365	55.21	IGIP	IgA inducing protein
9069	0.91	0.757	0.1261	-0.3096187	-0.03904445	97.85	CLDN12	claudin 12
84967	0.911	0.757	0.1078	-0.3089584	-0.03329886	2182.29	LSM10	LSM10, U7 small nuclear RNA associated
60493	0.911	0.758	0.0926	-0.3086654	-0.02859243	2844.26	FASTKD5	FAST kinase domains 5
101927423	0.911	0.76	0.1321	0.3058393	0.04039597	97.51	PANO1	proapoptotic nucleolar protein 1
79626	0.912	0.761	0.0842	-0.3041748	-0.02560887	415.65	TNFAIP8L2	TNF alpha induced protein 8 like 2
93183	0.912	0.762	0.0669	-0.3034019	-0.02030159	1031.16	PIGM	phosphatidylinositol glycan anchor biosynthesis class M
8269	0.913	0.764	0.129	-0.3008273	-0.03879245	140.0	TMEM187	transmembrane protein 187
55330	0.914	0.767	0.11	-0.2968495	-0.03266215	978.06	BLOC1S4	biogenesis of lysosomal organelles complex 1 subunit 4
386724	0.914	0.767	0.0763	0.2964031	0.02262827	541.19	AMIGO3	adhesion molecule with Ig like domain 3
28501	0.914	0.768	0.3429	0.295461	0.10131769	16.67	IGHD3-3	immunoglobulin heavy diversity 3-3
5028	0.915	0.769	0.3963	0.2941374	0.11656661	1406.69	P2RY1	purinergic receptor P2Y1
100462981	0.916	0.771	0.2456	-0.2905452	-0.07137178	42.56	MTRNR2L2	MT-RNR2 like 2 (pseudogene)
150353	0.918	0.775	0.2036	0.2862781	0.05829913	27.24	DNAJB7	DnaJ heat shock protein family (Hsp40) member B7
126282	0.918	0.775	0.0915	-0.2854087	-0.02610909	5311.08	TNFAIP8L1	TNF alpha induced protein 8 like 1
105377021	0.918	0.777	0.1855	-0.2827647	-0.05246287	93.01	LOC105377021	
51027	0.92	0.779	0.0865	0.2807906	0.02429065	220.64	BOLA1	bolA family member 1
493911	0.92	0.78	0.1261	-0.2793934	-0.03523615	127.18	PHOSPHO2	phosphatase, orphan 2
54785	0.92	0.78	0.0724	-0.2788249	-0.02019039	599.38	BORCS6	BLOC-1 related complex subunit 6
9189	0.92	0.781	0.0523	0.278449	0.014565	2907.64	ZBED1	zinc finger BED-type containing 1
51545	0.92	0.781	0.1781	0.2778055	0.04948521	2099.23	ZNF581	zinc finger protein 581
219285	0.921	0.782	0.1053	-0.2764405	-0.02911284	604.97	SAMD9L	sterile alpha motif domain containing 9 like
6666	0.921	0.783	0.1264	0.2749292	0.03474744	5853.75	SOX12	SRY-box transcription factor 12
8111	0.922	0.788	0.3949	0.2691933	0.10629876	17.94	GPR68	G protein-coupled receptor 68
163126	0.923	0.789	0.0742	-0.2679643	-0.01987798	1629.91	EID2	EP300 interacting inhibitor of differentiation 2
85025	0.925	0.793	0.1314	-0.262877	-0.03454352	211.39	TMEM60	transmembrane protein 60
55693	0.926	0.795	0.1131	-0.259873	-0.02939674	172.82	KDM4D	lysine demethylase 4D
81844	0.926	0.795	0.0956	-0.2596985	-0.02483424	2285.81	TRIM56	tripartite motif containing 56
122809	0.926	0.797	0.0624	-0.2578456	-0.01609793	2643.47	SOCS4	suppressor of cytokine signaling 4
112268140	0.926	0.798	0.0811	-0.2563188	-0.02079004	265.36	LOC112268140	loricrin-like
153743	0.927	0.8	0.2359	-0.2537703	-0.0598741	28.38	PPP1R2B	PPP1R2 family member B
374907	0.929	0.803	0.3048	-0.2493105	-0.07598395	403.66	B3GNT8	UDP-GlcNAc:betaGal beta-1,3-N-acetylglucosaminyltransferase 8
114900	0.929	0.803	0.3774	0.2489724	0.09397222	73.92	C1QTNF4	C1q and TNF related 4
441150	0.932	0.81	0.2248	-0.2397863	-0.05389813	65.22	C6orf226	chromosome 6 open reading frame 226
474383	0.933	0.813	0.1093	0.2364972	0.02585051	490.76	F8A2	coagulation factor VIII associated 2
105379752	0.933	0.814	0.2529	0.2346342	0.05933068	18.57	LOC105379752	
126272	0.934	0.816	0.0719	-0.2325696	-0.01671328	313.51	EID2B	EP300 interacting inhibitor of differentiation 2B
64582	0.934	0.817	0.1345	0.2316336	0.03115982	522.79	GPR135	G protein-coupled receptor 135
64064	0.934	0.817	0.2794	-0.230892	-0.06451651	32.81	OXCT2	3-oxoacid CoA-transferase 2
6166	0.934	0.818	0.0552	-0.2297313	-0.01267364	3619.96	RPL36AL	ribosomal protein L36a like
2747	0.934	0.818	0.1827	0.2306188	0.04213584	74.77	GLUD2	glutamate dehydrogenase 2
118460	0.935	0.82	0.0765	-0.2270639	-0.01738109	3220.99	EXOSC6	exosome component 6
342371	0.936	0.823	0.0746	0.2236017	0.01668945	2428.2	ATXN1L	ataxin 1 like
55038	0.937	0.825	0.1511	-0.2216511	-0.03348299	3648.03	CDCA4	cell division cycle associated 4
29946	0.937	0.825	0.0727	0.2208756	0.01604846	806.87	SERTAD3	SERTA domain containing 3
9435	0.937	0.827	0.2377	0.2191156	0.05208236	1750.91	CHST2	carbohydrate sulfotransferase 2
84987	0.937	0.827	0.0802	0.2186803	0.01753107	596.54	COX14	cytochrome c oxidase assembly factor COX14
8324	0.937	0.827	0.1661	0.2183713	0.03626993	1624.97	FZD7	frizzled class receptor 7
157697	0.938	0.829	0.202	0.2161315	0.04366248	3691.22	ERICH1	glutamate rich 1
85315	0.938	0.829	0.2246	0.2155233	0.04840065	614.66	PAQR8	progestin and adipoQ receptor family member 8
8263	0.939	0.831	0.0931	-0.2134903	-0.01987993	1006.0	F8A1	coagulation factor VIII associated 1
1051	0.939	0.831	0.1622	-0.2131566	-0.03457466	3616.64	CEBPB	CCAAT enhancer binding protein beta
29107	0.939	0.833	0.0724	-0.2112784	-0.01530481	1246.5	NXT1	nuclear transport factor 2 like export factor 1
11244	0.94	0.834	0.064	0.2100057	0.01343034	8027.69	ZHX1	zinc fingers and homeoboxes 1
54931	0.941	0.836	0.0836	-0.2064471	-0.01725018	1343.76	TRMT10C	tRNA methyltransferase 10C, mitochondrial RNase P subunit
727800	0.942	0.838	0.132	0.204264	0.02696367	690.42	RNF208	ring finger protein 208
84226	0.943	0.84	0.2501	0.2018986	0.05048949	133.92	C2orf16	chromosome 2 open reading frame 16
79541	0.943	0.84	0.3674	-0.2019636	-0.07419859	15.78	OR2A4	olfactory receptor family 2 subfamily A member 4
28483	0.943	0.841	0.3056	-0.2002428	-0.06118929	253.69	IGHJ1	immunoglobulin heavy joining 1
79660	0.943	0.842	0.1378	-0.1994585	-0.02748027	336.65	PPP1R3B	protein phosphatase 1 regulatory subunit 3B
87769	0.945	0.844	0.0813	-0.1967942	-0.01600625	1280.51	GGACT	gamma-glutamylamine cyclotransferase
9294	0.947	0.848	0.1673	0.1913921	0.03201237	415.33	S1PR2	sphingosine-1-phosphate receptor 2
399	0.948	0.852	0.1266	0.1859417	0.02353707	1750.12	RHOH	ras homolog family member H
113189	0.948	0.855	0.1298	0.1828432	0.02373727	741.51	CHST14	carbohydrate sulfotransferase 14
2524	0.95	0.858	0.2307	0.1784509	0.04116414	25.44	FUT2	fucosyltransferase 2
257236	0.952	0.862	0.3458	0.1737888	0.06010044	28.63	CCDC96	coiled-coil domain containing 96
54809	0.952	0.863	0.2456	0.1719629	0.0422276	1122.53	SAMD9	sterile alpha motif domain containing 9
6526	0.952	0.864	0.0839	-0.171297	-0.01437081	5493.81	SLC5A3	solute carrier family 5 member 3
285349	0.954	0.868	0.2127	0.1659004	0.03528006	264.18	ZNF660	zinc finger protein 660
144348	0.954	0.868	0.0885	0.1659356	0.0146891	10838.53	ZNF664	zinc finger protein 664
401397	0.957	0.875	0.0454	0.1569688	0.0071281	1801.35	SMIM30	small integral membrane protein 30
5029	0.957	0.876	0.1964	0.1563064	0.03070065	191.41	P2RY2	purinergic receptor P2Y2
200350	0.957	0.878	0.1943	-0.1532147	-0.02977586	34.01	FOXD4L1	forkhead box D4 like 1
101060200	0.957	0.879	0.1823	-0.1521651	-0.02774388	80.79	ZNF891	zinc finger protein 891
391195	0.958	0.88	0.2973	0.1506361	0.04478685	17.24	OR2T33	olfactory receptor family 2 subfamily T member 33
54913	0.958	0.88	0.3083	-0.150408	-0.04636895	61.33	RPP25	ribonuclease P and MRP subunit p25
28475	0.958	0.881	0.2761	0.149654	0.04132664	42.88	IGHJ6	immunoglobulin heavy joining 6
169834	0.958	0.881	0.1132	-0.1493554	-0.01690109	459.25	ZNF883	zinc finger protein 883
25973	0.958	0.881	0.2143	-0.1490993	-0.0319524	404.86	PARS2	prolyl-tRNA synthetase 2, mitochondrial
79134	0.96	0.885	0.0481	-0.1442912	-0.00694007	2708.14	TMEM185B	transmembrane protein 185B
107985946	0.962	0.889	0.1341	-0.1394042	-0.01870031	290.25	LOC107985946	uncharacterized LOC107985946
57121	0.962	0.89	0.1463	0.1388759	0.02032123	1554.29	LPAR5	lysophosphatidic acid receptor 5
8690	0.963	0.894	0.1207	-0.133608	-0.01612491	764.91	JRKL	JRK like
127703	0.963	0.895	0.1018	-0.1325133	-0.01348945	4413.94	C1orf216	chromosome 1 open reading frame 216
91663	0.964	0.895	0.093	0.1314508	0.01222399	8496.45	MYADM	myeloid associated differentiation marker
404281	0.965	0.9	0.1415	-0.126257	-0.01786312	69.32	YY2	YY2 transcription factor
6968	0.965	0.9	0.32	0.1253993	0.04013353	15.08	TRGJ1	T cell receptor gamma joining 1
22954	0.965	0.901	0.1023	0.124082	0.01269373	529.08	TRIM32	tripartite motif containing 32
107985082	0.965	0.901	0.1762	0.1240606	0.02186026	40.76	LOC107985082	
10936	0.965	0.902	0.2036	-0.1229645	-0.02504038	68.08	GPR75	G protein-coupled receptor 75
107985381	0.966	0.903	0.1687	0.1213523	0.02047208	54.45	LOC107985381	
2526	0.967	0.908	0.0623	-0.1154937	-0.00719177	2158.16	FUT4	fucosyltransferase 4
644096	0.967	0.909	0.081	0.1143247	0.0092652	1670.31	SDHAF1	succinate dehydrogenase complex assembly factor 1
90204	0.967	0.909	0.0529	0.1141779	0.00604211	726.49	ZSWIM1	zinc finger SWIM-type containing 1
2709	0.969	0.913	0.4444	0.1086783	0.0482969	43.42	GJB5	gap junction protein beta 5
7349	0.969	0.915	0.2906	-0.1062848	-0.03089006	244.98	UCN	urocortin
8321	0.971	0.92	0.2191	-0.1006469	-0.02205609	395.46	FZD1	frizzled class receptor 1
163115	0.971	0.918	0.3285	-0.1024162	-0.03364349	236.4	ZNF781	zinc finger protein 781
100463486	0.974	0.927	0.2172	-0.0920314	-0.01999072	98.71	MTRNR2L8	MT-RNR2 like 8 (pseudogene)
79102	0.975	0.929	0.1224	-0.0889325	-0.01088307	4531.52	RNF26	ring finger protein 26
79003	0.975	0.931	0.0643	-0.0861138	-0.00553396	1206.83	MIS12	MIS12 kinetochore complex component
10343	0.976	0.934	0.3957	-0.0825265	-0.03265355	18.94	PKDREJ	polycystin family receptor for egg jelly
79666	0.977	0.935	0.1127	-0.0816238	-0.00919998	4550.59	PLEKHF2	pleckstrin homology and FYVE domain containing 2
6693	0.977	0.937	0.1685	-0.0785095	-0.01323029	21876.03	SPN	sialophorin
83983	0.979	0.941	0.1828	0.0734407	0.01342522	95.95	TSSK6	testis specific serine kinase 6
147040	0.981	0.949	0.1422	0.0643855	0.00915572	81.55	KCTD11	potassium channel tetramerization domain containing 11
4807	0.981	0.951	0.2596	-0.0619483	-0.01608384	18.38	NHLH1	nescient helix-loop-helix 1
23617	0.982	0.951	0.2139	0.0617624	0.01320839	25.99	TSSK2	testis specific serine kinase 2
100132911	0.986	0.964	0.157	0.045761	0.00718222	168.87	DPH3P1	diphthamide biosynthesis 3 pseudogene 1
2306	0.987	0.964	0.3487	0.0446639	0.01557521	163.86	FOXD2	forkhead box D2
100996720	0.987	0.964	0.1859	0.044601	0.00829266	196.02	LOC100996720	uncharacterized LOC100996720
9925	0.988	0.968	0.0556	-0.0407234	-0.0022658	1142.15	ZBTB5	zinc finger and BTB domain containing 5
168537	0.988	0.968	0.5678	-0.0401177	-0.02278065	39.75	GIMAP7	GTPase, IMAP family member 7
139285	0.988	0.968	0.128	-0.0401882	-0.00514499	511.19	AMER1	APC membrane recruitment protein 1
57165	0.99	0.973	0.0983	-0.0344227	-0.00338388	183.41	GJC2	gap junction protein gamma 2
90423	0.99	0.973	0.1114	0.0337951	0.0037634	158.75	ATP6V1E2	ATPase H+ transporting V1 subunit E2
9080	0.99	0.974	0.5369	0.0324098	0.01740148	17.64	CLDN9	claudin 9
1133	0.99	0.974	0.3416	0.0321296	0.01097696	29.48	CHRM5	cholinergic receptor muscarinic 5
2650	0.991	0.978	0.1994	0.0276961	0.00552303	2317.18	GCNT1	glucosaminyl (N-acetyl) transferase 1
767558	0.993	0.981	0.0355	-0.0237827	-0.00084506	10214.21	LUZP6	leucine zipper protein 6
389813	0.993	0.981	0.1338	-0.0241445	-0.00323091	76.81	AJM1	apical junction component 1 homolog
84752	0.993	0.982	0.1328	0.0228401	0.0030333	188.39	B3GNT9	UDP-GlcNAc:betaGal beta-1,3-N-acetylglucosaminyltransferase 9
10602	0.994	0.985	0.1247	-0.018472	-0.00230306	1461.7	CDC42EP3	CDC42 effector protein 3
221527	0.995	0.988	0.0906	-0.0153085	-0.00138735	845.78	ZBTB12	zinc finger and BTB domain containing 12
107984139	0.997	0.993	0.2857	-0.0092911	-0.00265422	25.58	LOC107984139	replaced by ID 100289333
23099	1.0	0.999	0.0744	-0.0016356	-0.00012171	868.18	ZBTB43	zinc finger and BTB domain containing 43
89890	1.0	1.0	0.1764	-0.0001032	-1.82e-05	282.46	KBTBD6	kelch repeat and BTB domain containing 6
79927		0.683	0.3306	-0.4085195	-0.13504847	11.34	FAM110D	family with sequence similarity 110 member D
118442		0.114	0.3757	-1.5817753	-0.59419519	10.51	GPR62	G protein-coupled receptor 62
353324		0.782	0.5928	0.2762588	0.1637735	12.07	SPATA12	spermatogenesis associated 12
51554		0.965	0.399	0.0437161	0.01744134	11.19	ACKR4	atypical chemokine receptor 4
107986175		0.718	0.4529	0.361688	0.16380458	11.93	LOC107986175	
646652		0.0119	0.3901	2.5165088	0.9817167	11.33	LOC646652	integral membrane glycoprotein-like pseudogene
497189		0.00535	0.4011	2.7848691	1.11706739	11.99	TIFAB	TIFA inhibitor
56127		0.0485	0.359	-1.9733175	-0.70836225	10.22	PCDHB9	protocadherin beta 9
387082		0.0447	0.3263	2.0077394	0.65520766	11.01	SUMO4	small ubiquitin like modifier 4
402682		0.402	0.5032	-0.8371723	-0.42126785	11.06	UFSP1	UFM1 specific peptidase 1 (inactive)
401427		0.749	0.3977	0.3194919	0.12706612	10.43	OR2A7	olfactory receptor family 2 subfamily A member 7
2831		0.206	0.4466	-1.2653401	-0.56514923	11.47	NPBWR1	neuropeptides B and W receptor 1
26248		0.133	0.5465	-1.5020799	-0.82083223	11.01	OR2K2	olfactory receptor family 2 subfamily K member 2
2844		0.337	0.5014	-0.9596618	-0.48121127	12.49	GPR21	G protein-coupled receptor 21
387640		0.537	0.3712	-0.6173567	-0.22914264	11.82	SKIDA1	SKI/DACH domain containing 1
9023		0.962	1.1436	0.0474421	0.05425445	8.87	CH25H	cholesterol 25-hydroxylase
729020		0.49	0.3475	0.6900292	0.23978571	11.0	RPEL1	ribulose-5-phosphate-3-epimerase like 1
259294		0.0268	0.3814	-2.2147169	-0.84475818	8.22	TAS2R19	taste 2 receptor member 19
259290		0.674	0.3951	-0.4213111	-0.16645768	11.95	TAS2R31	taste 2 receptor member 31
6039		0.23	0.5849	1.2008252	0.70236689	11.13	RNASE6	ribonuclease A family member k6
8748		0.547	0.337	-0.6016935	-0.20276231	12.96	ADAM20	ADAM metallopeptidase domain 20
28503		0.0599	0.4246	1.8814147	0.7988862	8.8	IGHD2-15	immunoglobulin heavy diversity 2-15
28499		0.425	0.3635	0.7969443	0.2897012	12.75	IGHD3-10	immunoglobulin heavy diversity 3-10
28500		0.168	0.3696	1.3794428	0.5098868	11.81	IGHD3-9	immunoglobulin heavy diversity 3-9
100996259		0.721	0.3648	-0.3571108	-0.13027712	9.59	FAM106B	family with sequence similarity 106 member B
105372269		0.506	0.4139	0.6651312	0.27530086	11.93	LOC105372269	uncharacterized LOC105372269
102723451		0.259	0.4566	1.1292626	0.51557526	12.05	LOC102723451	family with sequence similarity 243 member B
56245		0.115	0.4161	1.5746207	0.65517595	10.58	C21orf62	chromosome 21 open reading frame 62
9992		0.592	0.4519	0.5360923	0.24226049	10.76	KCNE2	potassium voltage-gated channel subfamily E regulatory subunit 2
101928147		0.229	0.4346	1.2028931	0.52283653	12.49	C21orf140	chromosome 21 open reading frame 140
105372824		0.197	0.5014	1.2904172	0.64706673	12.0	LOC105372824	uncharacterized LOC105372824
