GeneName	count	Gene stable ID	Gene stable ID version	Chromosome/scaffold name	Gene start (bp)	Gene end (bp)	Strand	Gene name	Transcript count	Transcript length (including UTRs and CDS)	Length/#Mod
SMIM10L1	20	ENSG00000262986	ENSG00000262986.1	HSCHR12_2_CTG2	402018	402219	1	SMIM10L1	1	202	10.1
ERICH1	7	ENSG00000282665	ENSG00000282665.1	HSCHR8_4_CTG1	12731	19697	-1	ERICH1	3	100	14.285714285714286
SF3B5	15	ENSG00000169976	ENSG00000169976.7	6	144094884	144095573	-1	SF3B5	1	690	46.0
TAF7	47	ENSG00000178913	ENSG00000178913.9	5	141259884	141320784	-1	TAF7	4	2295	48.829787234042556
SEPHS2	45	ENSG00000179918	ENSG00000179918.19	16	30443631	30445874	-1	SEPHS2	1	2244	49.86666666666667
SDHAF1	21	ENSG00000205138	ENSG00000205138.4	19	35995188	35996312	1	SDHAF1	1	1125	53.57142857142857
IMP3	20	ENSG00000177971	ENSG00000177971.9	15	75639085	75648706	-1	IMP3	3	1132	56.6
EID1	34	ENSG00000255302	ENSG00000255302.5	15	48878134	48880173	1	EID1	2	2040	60.0
JUN	53	ENSG00000177606	ENSG00000177606.9	1	58776845	58784048	-1	JUN	3	3257	61.45283018867924
SCO2	16	ENSG00000284194	ENSG00000284194.3	22	50523568	50526461	-1	SCO2	5	984	61.5
CCDC85B	15	ENSG00000175602	ENSG00000175602.4	11	65890673	65891635	1	CCDC85B	1	963	64.2
HNRNPF	40	ENSG00000169813	ENSG00000169813.17	10	43385617	43409186	-1	HNRNPF	8	2569	64.225
TRMT10C	28	ENSG00000174173	ENSG00000174173.7	3	101561868	101566446	1	TRMT10C	2	1813	64.75
TMEM203	24	ENSG00000187713	ENSG00000187713.7	9	137204082	137205648	-1	TMEM203	1	1567	65.29166666666667
POP7	13	ENSG00000172336	ENSG00000172336.5	7	100706121	100707486	1	POP7	2	850	65.38461538461539
RHOB	36	ENSG00000143878	ENSG00000143878.10	2	20447074	20449440	1	RHOB	1	2367	65.75
LSM10	13	ENSG00000181817	ENSG00000181817.6	1	36391238	36397908	-1	LSM10	3	860	66.15384615384616
RTL8C	18	ENSG00000134590	ENSG00000134590.14	X	135032355	135033546	1	RTL8C	3	1192	66.22222222222223
TBCC	24	ENSG00000124659	ENSG00000124659.7	6	42744498	42746103	-1	TBCC	1	1606	66.91666666666667
ZBED5	40	ENSG00000236287	ENSG00000236287.8	11	10812074	10858796	-1	ZBED5	10	2687	67.175
ZNF146	48	ENSG00000167635	ENSG00000167635.12	19	36214602	36238771	1	ZNF146	5	3347	69.72916666666667
EMC6	9	ENSG00000127774	ENSG00000127774.7	17	3668812	3669668	1	EMC6	2	656	72.88888888888889
TMEM60	12	ENSG00000135211	ENSG00000135211.6	7	77793728	77798434	-1	TMEM60	1	877	73.08333333333333
OST4	6	ENSG00000228474	ENSG00000228474.6	2	27070472	27071654	-1	OST4	3	442	73.66666666666667
HDHD3	20	ENSG00000119431	ENSG00000119431.10	9	113373419	113376986	-1	HDHD3	3	1481	74.05
BOLA1	12	ENSG00000178096	ENSG00000178096.9	1	149887890	149900798	1	BOLA1	4	891	74.25
COA4	11	ENSG00000181924	ENSG00000181924.8	11	73869846	73876901	-1	COA4	6	818	74.36363636363636
RRS1	23	ENSG00000179041	ENSG00000179041.4	8	66429014	66430733	1	RRS1	1	1720	74.78260869565217
PCBP1	23	ENSG00000169564	ENSG00000169564.7	2	70087477	70089203	1	PCBP1	1	1727	75.08695652173913
ALDH1B1	40	ENSG00000137124	ENSG00000137124.8	9	38392702	38398661	1	ALDH1B1	2	3028	75.7
JUNB	24	ENSG00000171223	ENSG00000171223.6	19	12791486	12793315	1	JUNB	1	1830	76.25
MAGEF1	22	ENSG00000177383	ENSG00000177383.5	3	184710364	184712064	-1	MAGEF1	1	1701	77.31818181818181
CCDC71	23	ENSG00000177352	ENSG00000177352.10	3	49162535	49166331	-1	CCDC71	1	1791	77.8695652173913
LRRC8D	50	ENSG00000171492	ENSG00000171492.14	1	89821014	89936611	1	LRRC8D	7	3950	79.0
HPS6	34	ENSG00000166189	ENSG00000166189.8	10	102065349	102068036	1	HPS6	1	2688	79.05882352941177
CEBPB	23	ENSG00000172216	ENSG00000172216.7	20	50190734	50192690	1	CEBPB	2	1839	79.95652173913044
PIGC	18	ENSG00000135845	ENSG00000135845.10	1	172370189	172444086	-1	PIGC	7	1456	80.88888888888889
THAP11	23	ENSG00000168286	ENSG00000168286.3	16	67842320	67844195	1	THAP11	1	1876	81.56521739130434
CEBPD	15	ENSG00000221869	ENSG00000221869.5	8	47736913	47738164	-1	CEBPD	1	1252	83.46666666666667
RNF26	33	ENSG00000173456	ENSG00000173456.5	11	119334527	119337309	1	RNF26	1	2783	84.33333333333333
IER2	25	ENSG00000160888	ENSG00000160888.8	19	13150411	13156981	1	IER2	3	2110	84.4
TMEM177	16	ENSG00000144120	ENSG00000144120.13	2	119679167	119686507	1	TMEM177	6	1363	85.1875
JUND	22	ENSG00000130522	ENSG00000130522.6	19	18279694	18281622	-1	JUND	2	1929	87.68181818181819
SOX4	54	ENSG00000124766	ENSG00000124766.7	6	21593751	21598619	1	SOX4	1	4869	90.16666666666667
TCIM	20	ENSG00000176907	ENSG00000176907.5	8	40153482	40155310	1	TCIM	1	1829	91.45
BLOC1S4	16	ENSG00000186222	ENSG00000186222.5	4	6716174	6717664	1	BLOC1S4	1	1491	93.1875
HASPIN	30	ENSG00000177602	ENSG00000177602.5	17	3723903	3726699	1	HASPIN	1	2797	93.23333333333333
RRAGA	17	ENSG00000155876	ENSG00000155876.6	9	19049427	19051025	1	RRAGA	1	1599	94.05882352941177
RPP25	25	ENSG00000178718	ENSG00000178718.7	15	74954418	74956772	-1	RPP25	1	2355	94.2
FEN1	21	ENSG00000168496	ENSG00000168496.4	11	61792911	61797238	1	FEN1	3	2016	96.0
NXT1	11	ENSG00000132661	ENSG00000132661.4	20	23350791	23354771	1	NXT1	1	1062	96.54545454545455
COX14	5	ENSG00000178449	ENSG00000178449.9	12	50112082	50120457	1	COX14	4	484	96.8
TMEM250	29	ENSG00000238227	ENSG00000238227.8	9	136114581	136118875	-1	TMEM250	5	2827	97.48275862068965
NFIL3	21	ENSG00000165030	ENSG00000165030.5	9	91408748	91424626	-1	NFIL3	2	2055	97.85714285714286
CHST14	22	ENSG00000169105	ENSG00000169105.8	15	40470984	40473158	1	CHST14	2	2175	98.86363636363636
SMIM10	15	ENSG00000184785	ENSG00000184785.6	X	134990991	134992473	1	SMIM10	1	1483	98.86666666666666
CENPB	29	ENSG00000125817	ENSG00000125817.8	20	3783851	3786740	-1	CENPB	1	2890	99.65517241379311
BASP1	18	ENSG00000176788	ENSG00000176788.9	5	17065598	17276843	1	BASP1	3	1807	100.38888888888889
PRMT6	26	ENSG00000198890	ENSG00000198890.9	1	107056674	107067636	1	PRMT6	3	2621	100.8076923076923
UTP3	20	ENSG00000132467	ENSG00000132467.4	4	70688532	70690551	1	UTP3	1	2020	101.0
MIS12	24	ENSG00000167842	ENSG00000167842.16	17	5486285	5490814	1	MIS12	6	2502	104.25
SERTAD3	13	ENSG00000167565	ENSG00000167565.13	19	40440844	40444335	-1	SERTAD3	5	1364	104.92307692307692
IRF2BP1	24	ENSG00000170604	ENSG00000170604.5	19	45883608	45886141	-1	IRF2BP1	1	2534	105.58333333333333
RPP38	14	ENSG00000152464	ENSG00000152464.15	10	15097180	15139818	1	RPP38	7	1484	106.0
KLHL9	54	ENSG00000198642	ENSG00000198642.8	9	21320024	21335404	-1	KLHL9	3	5740	106.29629629629629
RHOG	12	ENSG00000177105	ENSG00000177105.10	11	3826978	3840959	-1	RHOG	4	1295	107.91666666666667
SFN	12	ENSG00000175793	ENSG00000175793.12	1	26863149	26864456	1	SFN	1	1308	109.0
ARF6	35	ENSG00000165527	ENSG00000165527.8	14	49893079	49897054	1	ARF6	3	3875	110.71428571428571
SLC35A4	24	ENSG00000176087	ENSG00000176087.17	5	140564819	140569100	1	SLC35A4	3	2666	111.08333333333333
EID2	13	ENSG00000176396	ENSG00000176396.11	19	39538707	39540161	-1	EID2	1	1455	111.92307692307692
FIGNL1	35	ENSG00000132436	ENSG00000132436.13	7	50444128	50450390	-1	FIGNL1	12	3930	112.28571428571429
RPL36AL	6	ENSG00000165502	ENSG00000165502.7	14	49618530	49620626	-1	RPL36AL	1	676	112.66666666666667
FJX1	21	ENSG00000179431	ENSG00000179431.7	11	35618460	35620865	1	FJX1	2	2406	114.57142857142857
ZCCHC3	24	ENSG00000247315	ENSG00000247315.4	20	297570	300321	1	ZCCHC3	1	2752	114.66666666666667
CDC42EP4	27	ENSG00000179604	ENSG00000179604.10	17	73283624	73312005	-1	CDC42EP4	9	3098	114.74074074074075
MRPL41	5	ENSG00000182154	ENSG00000182154.8	9	137551879	137552555	1	MRPL41	1	582	116.4
FOXC1	34	ENSG00000054598	ENSG00000054598.9	6	1609915	1613897	1	FOXC1	1	3983	117.1470588235294
ZNF581	10	ENSG00000171425	ENSG00000171425.10	19	55635459	55645623	1	ZNF581	4	1197	119.7
FBXO46	25	ENSG00000177051	ENSG00000177051.6	19	45710629	45730896	-1	FBXO46	3	2993	119.72
LRRC61	15	ENSG00000127399	ENSG00000127399.15	7	150323263	150338156	1	LRRC61	3	1815	121.0
MRFAP1L1	13	ENSG00000178988	ENSG00000178988.11	4	6707701	6709865	-1	MRFAP1L1	2	1578	121.38461538461539
RPP25L	7	ENSG00000164967	ENSG00000164967.10	9	34610486	34612104	-1	RPP25L	2	872	124.57142857142857
C1GALT1C1	13	ENSG00000288368	ENSG00000288368.1	HG439_PATCH	25742	30122	-1	C1GALT1C1	2	1636	125.84615384615384
DDX28	18	ENSG00000182810	ENSG00000182810.7	16	68020916	68023232	-1	DDX28	1	2317	128.72222222222223
MID1IP1	29	ENSG00000165175	ENSG00000165175.17	X	38801440	38806537	1	MID1IP1	4	3758	129.58620689655172
CEBPA	20	ENSG00000245848	ENSG00000245848.3	19	33299934	33302534	-1	CEBPA	1	2601	130.05
FRAT2	17	ENSG00000181274	ENSG00000181274.7	10	97332497	97334729	-1	FRAT2	1	2233	131.35294117647058
DPM3	3	ENSG00000179085	ENSG00000179085.8	1	155139891	155140595	-1	DPM3	3	396	132.0
C14orf119	22	ENSG00000179933	ENSG00000179933.6	14	23095505	23100456	1	C14orf119	2	2914	132.45454545454547
IRF2BPL	31	ENSG00000119669	ENSG00000119669.5	14	77024543	77028708	-1	IRF2BPL	1	4166	134.38709677419354
ZBED4	51	ENSG00000100426	ENSG00000100426.8	22	49853844	49897383	1	ZBED4	3	6893	135.15686274509804
PRNP	18	ENSG00000171867	ENSG00000171867.18	20	4686350	4701590	1	PRNP	4	2435	135.27777777777777
PNMA1	19	ENSG00000176903	ENSG00000176903.5	14	73711783	73714384	-1	PNMA1	1	2602	136.94736842105263
TSPYL1	37	ENSG00000189241	ENSG00000189241.8	6	116267760	116279930	-1	TSPYL1	2	5073	137.1081081081081
HSPA1B	14	ENSG00000232804	ENSG00000232804.5	HSCHR6_MHC_APD_CTG1	3160360	3162874	1	HSPA1B	2	1929	137.78571428571428
TRMT12	16	ENSG00000183665	ENSG00000183665.5	8	124450820	124462150	1	TRMT12	3	2207	137.9375
UQCRHL	2	ENSG00000233954	ENSG00000233954.7	1	15807169	15809348	-1	UQCRHL	2	276	138.0
RBM15B	48	ENSG00000259956	ENSG00000259956.2	3	51391285	51397908	1	RBM15B	1	6624	138.0
B3GNT2	20	ENSG00000170340	ENSG00000170340.11	2	62196115	62224731	1	B3GNT2	2	2761	138.05
PARS2	17	ENSG00000162396	ENSG00000162396.6	1	54756898	54764523	-1	PARS2	1	2356	138.58823529411765
HMGN4	14	ENSG00000292175	ENSG00000292175.1	HSCHR6_1_CTG1	84546	93113	1	HMGN4	2	1943	138.78571428571428
CHAMP1	27	ENSG00000198824	ENSG00000198824.8	13	114314482	114337626	1	CHAMP1	10	3799	140.7037037037037
FNDC10	15	ENSG00000228594	ENSG00000228594.4	1	1598012	1600135	-1	FNDC10	1	2124	141.6
COMMD5	10	ENSG00000170619	ENSG00000170619.10	8	144841042	144853736	-1	COMMD5	7	1430	143.0
CEBPG	26	ENSG00000153879	ENSG00000153879.9	19	33373685	33382686	1	CEBPG	3	3730	143.46153846153845
HYLS1	10	ENSG00000198331	ENSG00000198331.11	11	125883614	125900646	1	HYLS1	3	1451	145.1
C6orf47	17	ENSG00000204439	ENSG00000204439.4	6	31658298	31660778	-1	C6orf47	1	2481	145.94117647058823
RTL6	37	ENSG00000188636	ENSG00000188636.4	22	44492583	44498233	-1	RTL6	1	5419	146.45945945945945
TCEAL8	8	ENSG00000180964	ENSG00000180964.17	X	103252995	103255192	-1	TCEAL8	3	1174	146.75
TUSC1	10	ENSG00000198680	ENSG00000198680.6	9	25676969	25678444	-1	TUSC1	1	1476	147.6
SERTAD1	14	ENSG00000197019	ENSG00000197019.5	19	40421589	40425992	-1	SERTAD1	1	2084	148.85714285714286
POMGNT2	17	ENSG00000144647	ENSG00000144647.7	3	43079229	43106085	-1	POMGNT2	8	2547	149.8235294117647
SOX12	31	ENSG00000177732	ENSG00000177732.9	20	325552	330224	1	SOX12	1	4673	150.74193548387098
CDCA4	16	ENSG00000170779	ENSG00000170779.11	14	105009573	105021083	-1	CDCA4	2	2448	153.0
ACKR3	13	ENSG00000144476	ENSG00000144476.6	2	236567787	236582354	1	ACKR3	2	2015	155.0
PLPP6	19	ENSG00000205808	ENSG00000205808.7	9	4662294	4665258	1	PLPP6	1	2965	156.05263157894737
RMI1	21	ENSG00000178966	ENSG00000178966.17	9	83980798	84004074	1	RMI1	2	3300	157.14285714285714
ARL4D	10	ENSG00000175906	ENSG00000175906.5	17	43398993	43401137	1	ARL4D	1	1578	157.8
IER5L	17	ENSG00000188483	ENSG00000188483.8	9	129175552	129178261	-1	IER5L	1	2710	159.41176470588235
PPP1R26	31	ENSG00000196422	ENSG00000196422.11	9	135479079	135488893	1	PPP1R26	7	4951	159.70967741935485
MARVELD1	20	ENSG00000155254	ENSG00000155254.13	10	97713173	97718150	1	MARVELD1	4	3213	160.65
ZNF22	13	ENSG00000165512	ENSG00000165512.5	10	45000923	45005326	1	ZNF22	1	2103	161.76923076923077
ZNF865	23	ENSG00000261221	ENSG00000261221.5	19	55605647	55617269	1	ZNF865	1	3763	163.6086956521739
RBM12B	52	ENSG00000183808	ENSG00000183808.12	8	93728155	93741017	-1	RBM12B	6	8530	164.03846153846155
CSTF2T	25	ENSG00000177613	ENSG00000177613.9	10	51695486	51699595	-1	CSTF2T	1	4110	164.4
TSPYL4	25	ENSG00000187189	ENSG00000187189.11	6	116249964	116254075	-1	TSPYL4	1	4112	164.48
TMEM127	38	ENSG00000135956	ENSG00000135956.11	2	96248500	96266047	-1	TMEM127	8	6271	165.02631578947367
BLCAP	12	ENSG00000166619	ENSG00000166619.15	20	37492472	37527931	-1	BLCAP	14	2018	168.16666666666666
DCAF16	27	ENSG00000163257	ENSG00000163257.11	4	17800655	17810758	-1	DCAF16	3	4547	168.40740740740742
TRIM32	22	ENSG00000119401	ENSG00000119401.11	9	116687305	116701300	1	TRIM32	3	3715	168.86363636363637
RAB9A	12	ENSG00000123595	ENSG00000123595.8	X	13689128	13710504	1	RAB9A	3	2034	169.5
MRPL57	13	ENSG00000173141	ENSG00000173141.5	13	21176658	21179084	1	MRPL57	1	2233	171.76923076923077
ZNF830	13	ENSG00000198783	ENSG00000198783.6	17	34961540	34963777	1	ZNF830	2	2238	172.15384615384616
ZNF664	25	ENSG00000179195	ENSG00000179195.16	12	123971845	124015439	1	ZNF664	14	4312	172.48
LENG9	11	ENSG00000273574	ENSG00000273574.1	HSCHR19_4_CTG3_1	444090	446008	-1	LENG9	1	1919	174.45454545454547
EXOC8	29	ENSG00000116903	ENSG00000116903.7	1	231332753	231337852	-1	EXOC8	1	5100	175.86206896551724
MC1R	12	ENSG00000258839	ENSG00000258839.4	16	89912119	89920973	1	MC1R	4	2111	175.91666666666666
MTERF2	10	ENSG00000120832	ENSG00000120832.11	12	106973120	106987163	-1	MTERF2	8	1784	178.4
LPAR6	11	ENSG00000139679	ENSG00000139679.16	13	48389567	48444704	-1	LPAR6	9	1976	179.63636363636363
KRCC1	10	ENSG00000172086	ENSG00000172086.9	2	88027205	88064252	-1	KRCC1	2	1807	180.7
ATXN7L3B	42	ENSG00000253719	ENSG00000253719.4	12	74537835	74545430	1	ATXN7L3B	1	7596	180.85714285714286
DNAJC30	14	ENSG00000176410	ENSG00000176410.8	7	73680918	73683453	-1	DNAJC30	1	2536	181.14285714285714
SLITRK5	28	ENSG00000165300	ENSG00000165300.8	13	87671371	87696272	1	SLITRK5	2	5075	181.25
IER5	23	ENSG00000162783	ENSG00000162783.11	1	181088700	181092900	1	IER5	1	4201	182.65217391304347
ADRA2A	21	ENSG00000150594	ENSG00000150594.7	10	111077029	111080907	1	ADRA2A	1	3879	184.71428571428572
GAS1	17	ENSG00000180447	ENSG00000180447.7	9	86944362	86947506	-1	GAS1	1	3145	185.0
TOB1	12	ENSG00000141232	ENSG00000141232.5	17	50862223	50867978	-1	TOB1	3	2238	186.5
MORF4L2	10	ENSG00000123562	ENSG00000123562.18	X	103675496	103688158	-1	MORF4L2	13	1866	186.6
KCTD12	33	ENSG00000178695	ENSG00000178695.6	13	76880175	76886405	-1	KCTD12	1	6231	188.8181818181818
INAFM2	16	ENSG00000259330	ENSG00000259330.3	15	40323692	40326715	1	INAFM2	2	3024	189.0
GPRIN1	22	ENSG00000169258	ENSG00000169258.7	5	176595802	176610156	-1	GPRIN1	1	4234	192.45454545454547
ZNF518A	43	ENSG00000177853	ENSG00000177853.15	10	96129715	96205288	1	ZNF518A	9	8345	194.06976744186048
JRKL	16	ENSG00000183340	ENSG00000183340.7	11	96389989	96507574	1	JRKL	2	3140	196.25
ZSWIM1	14	ENSG00000168612	ENSG00000168612.5	20	45881227	45885266	1	ZSWIM1	1	2769	197.78571428571428
SERTAD2	28	ENSG00000179833	ENSG00000179833.4	2	64631621	64751005	-1	SERTAD2	3	5549	198.17857142857142
FKRP	17	ENSG00000181027	ENSG00000181027.11	19	46746046	46776988	1	FKRP	27	3411	200.64705882352942
CCDC8	16	ENSG00000169515	ENSG00000169515.9	19	46410329	46413564	-1	CCDC8	2	3236	202.25
ZNF672	15	ENSG00000171161	ENSG00000171161.13	1	248838210	248849517	1	ZNF672	7	3045	203.0
SMIM15	14	ENSG00000188725	ENSG00000188725.8	5	61157704	61162468	-1	SMIM15	2	2888	206.28571428571428
TICAM1	13	ENSG00000127666	ENSG00000127666.11	19	4815932	4831712	-1	TICAM1	1	2684	206.46153846153845
CGGBP1	22	ENSG00000163320	ENSG00000163320.12	3	88051944	88149885	-1	CGGBP1	7	4548	206.72727272727272
METTL18	7	ENSG00000171806	ENSG00000171806.12	1	169792529	169794963	-1	METTL18	3	1462	208.85714285714286
SOCS3	13	ENSG00000184557	ENSG00000184557.4	17	78356778	78360077	-1	SOCS3	2	2734	210.30769230769232
TEX19	9	ENSG00000182459	ENSG00000182459.5	17	82359247	82363775	1	TEX19	1	1935	215.0
SRSF8	20	ENSG00000263465	ENSG00000263465.5	11	95066919	95071225	1	SRSF8	2	4307	215.35
CITED4	6	ENSG00000179862	ENSG00000179862.7	1	40861054	40862363	-1	CITED4	1	1310	218.33333333333334
OTUD1	15	ENSG00000165312	ENSG00000165312.7	10	23439075	23442377	1	OTUD1	1	3303	220.2
GJA1	14	ENSG00000152661	ENSG00000152661.9	6	121435595	121449727	1	GJA1	4	3083	220.21428571428572
TMEM121	7	ENSG00000184986	ENSG00000184986.12	14	105526583	105530198	1	TMEM121	2	1548	221.14285714285714
ZNF526	18	ENSG00000167625	ENSG00000167625.12	19	42220292	42228201	1	ZNF526	3	3982	221.22222222222223
KCTD11	13	ENSG00000288399	ENSG00000288399.2	HG2087_PATCH	110254	113309	1	KCTD11	2	2924	224.92307692307693
RTL8B	9	ENSG00000212747	ENSG00000212747.5	X	135020513	135022542	-1	RTL8B	1	2030	225.55555555555554
FEM1A	42	ENSG00000141965	ENSG00000141965.5	19	4791734	4801273	1	FEM1A	1	9540	227.14285714285714
TOR1AIP2	36	ENSG00000169905	ENSG00000169905.13	1	179839967	179877803	-1	TOR1AIP2	6	8319	231.08333333333334
TLNRD1	21	ENSG00000140406	ENSG00000140406.4	15	81000923	81005788	1	TLNRD1	1	4866	231.71428571428572
ZNF83	11	ENSG00000167766	ENSG00000167766.22	19	52612377	52638388	-1	ZNF83	11	2553	232.0909090909091
ZBTB5	20	ENSG00000168795	ENSG00000168795.5	9	37438102	37465450	-1	ZBTB5	1	4690	234.5
GEMIN7	7	ENSG00000142252	ENSG00000142252.11	19	45079195	45091518	1	GEMIN7	5	1653	236.14285714285714
KCNJ10	22	ENSG00000177807	ENSG00000177807.11	1	159998651	160070483	-1	KCNJ10	10	5205	236.5909090909091
NRARP	11	ENSG00000198435	ENSG00000198435.4	9	137299631	137302271	-1	NRARP	1	2641	240.0909090909091
ZBTB22	11	ENSG00000229253	ENSG00000229253.5	HSCHR6_MHC_COX_CTG1	4725901	4729427	-1	ZBTB22	2	2651	241.0
TMEM187	6	ENSG00000177854	ENSG00000177854.8	X	153972754	153983194	1	TMEM187	3	1452	242.0
SLC35G2	8	ENSG00000168917	ENSG00000168917.9	3	136818647	136855888	1	SLC35G2	3	1949	243.625
DUSP14	9	ENSG00000275932	ENSG00000275932.2	HSCHR17_7_CTG4	1729002	1752668	1	DUSP14	3	2207	245.22222222222223
RIOX1	10	ENSG00000170468	ENSG00000170468.8	14	73490933	73493394	1	RIOX1	1	2462	246.2
UFSP1	4	ENSG00000176125	ENSG00000176125.7	7	100888721	100889715	-1	UFSP1	2	995	248.75
ZBTB33	21	ENSG00000177485	ENSG00000177485.7	X	120250752	120258398	1	ZBTB33	2	5253	250.14285714285714
FOXD1	10	ENSG00000251493	ENSG00000251493.5	5	73444827	73448777	-1	FOXD1	2	2512	251.2
SMIM30	4	ENSG00000214194	ENSG00000214194.9	7	113116718	113118560	-1	SMIM30	4	1011	252.75
CDC42EP3	20	ENSG00000163171	ENSG00000163171.8	2	37641882	37738468	-1	CDC42EP3	6	5096	254.8
SOWAHC	18	ENSG00000198142	ENSG00000198142.5	2	109614364	109618990	1	SOWAHC	1	4627	257.05555555555554
PDP2	27	ENSG00000172840	ENSG00000172840.7	16	66878589	66895754	1	PDP2	9	6997	259.14814814814815
TPBG	25	ENSG00000283085	ENSG00000283085.3	HG2072_PATCH	233021	240643	1	TPBG	3	6484	259.36
HPDL	7	ENSG00000186603	ENSG00000186603.7	1	45326895	45328710	1	HPDL	1	1816	259.42857142857144
ZNHIT2	5	ENSG00000174276	ENSG00000174276.7	11	65116403	65117701	-1	ZNHIT2	2	1299	259.8
EPM2AIP1	31	ENSG00000178567	ENSG00000178567.8	3	36985043	36993131	-1	EPM2AIP1	3	8089	260.93548387096774
PAQR8	18	ENSG00000170915	ENSG00000170915.9	6	52361421	52407777	1	PAQR8	3	4715	261.94444444444446
BORCS6	7	ENSG00000196544	ENSG00000196544.8	17	8188345	8190180	-1	BORCS6	1	1836	262.2857142857143
PLEKHF2	11	ENSG00000175895	ENSG00000175895.5	8	95115642	95156698	1	PLEKHF2	7	2901	263.72727272727275
MOCS3	19	ENSG00000124217	ENSG00000124217.5	20	50958818	50963929	1	MOCS3	1	5112	269.05263157894734
EXO5	7	ENSG00000164002	ENSG00000164002.12	1	40508741	40516038	1	EXO5	11	1899	271.2857142857143
FAM200A	9	ENSG00000221909	ENSG00000221909.3	7	99546300	99558536	-1	FAM200A	2	2468	274.22222222222223
GRHL2	19	ENSG00000083307	ENSG00000083307.12	8	101492439	101669726	1	GRHL2	6	5232	275.36842105263156
MYADM	11	ENSG00000179820	ENSG00000179820.17	19	53864763	53878125	1	MYADM	11	3054	277.6363636363636
ARMCX3	12	ENSG00000102401	ENSG00000102401.20	X	101622797	101627843	1	ARMCX3	7	3348	279.0
SPRY2	8	ENSG00000136158	ENSG00000136158.12	13	80335976	80341126	-1	SPRY2	2	2286	285.75
CMTR2	17	ENSG00000292378	ENSG00000292378.1	HSCHR16_4_CTG3_1	144072	152289	-1	CMTR2	5	4876	286.8235294117647
EXOSC6	18	ENSG00000223496	ENSG00000223496.3	16	70246778	70251940	-1	EXOSC6	1	5163	286.8333333333333
ADRB2	7	ENSG00000169252	ENSG00000169252.6	5	148826611	148828623	1	ADRB2	1	2013	287.57142857142856
SOCS4	24	ENSG00000180008	ENSG00000180008.9	14	55027230	55049489	1	SOCS4	4	6903	287.625
RNF208	6	ENSG00000212864	ENSG00000212864.4	9	137220247	137222240	-1	RNF208	2	1732	288.6666666666667
ZNF580	4	ENSG00000213015	ENSG00000213015.9	19	55635016	55643470	1	ZNF580	6	1156	289.0
PIGW	8	ENSG00000275600	ENSG00000275600.2	HSCHR17_7_CTG4	769924	774214	1	PIGW	3	2312	289.0
HNRNPA0	30	ENSG00000177733	ENSG00000177733.8	5	137745651	137754363	-1	HNRNPA0	2	8713	290.43333333333334
G0S2	3	ENSG00000123689	ENSG00000123689.6	1	209675412	209676390	1	G0S2	1	876	292.0
C1orf216	9	ENSG00000142686	ENSG00000142686.8	1	35713877	35718894	-1	C1orf216	3	2628	292.0
AMIGO2	11	ENSG00000139211	ENSG00000139211.7	12	47075707	47079959	-1	AMIGO2	3	3224	293.09090909090907
B3GNT5	14	ENSG00000176597	ENSG00000176597.12	3	183253253	183298504	1	B3GNT5	12	4108	293.42857142857144
TMEM125	6	ENSG00000179178	ENSG00000179178.11	1	43269983	43274002	1	TMEM125	4	1797	299.5
ENC1	16	ENSG00000171617	ENSG00000171617.16	5	74627406	74641424	-1	ENC1	7	4821	301.3125
KLHL25	12	ENSG00000183655	ENSG00000183655.13	15	85759326	85794925	-1	KLHL25	3	3650	304.1666666666667
TOB2	14	ENSG00000183864	ENSG00000183864.6	22	41433492	41446801	-1	TOB2	2	4337	309.7857142857143
EID2B	6	ENSG00000176401	ENSG00000176401.6	19	39530987	39532852	-1	EID2B	2	1866	311.0
SFT2D3	12	ENSG00000173349	ENSG00000173349.6	2	127701497	127705242	1	SFT2D3	1	3746	312.1666666666667
SOCS6	18	ENSG00000170677	ENSG00000170677.6	18	70289045	70330199	1	SOCS6	3	5703	316.8333333333333
AMIGO3	9	ENSG00000176020	ENSG00000176020.9	3	49716829	49719684	-1	AMIGO3	1	2856	317.3333333333333
PURB	29	ENSG00000146676	ENSG00000146676.10	7	44876299	44885530	-1	PURB	1	9232	318.3448275862069
TIGD2	10	ENSG00000180346	ENSG00000180346.5	4	89111533	89114901	1	TIGD2	1	3186	318.6
ZNF770	17	ENSG00000198146	ENSG00000198146.4	15	34978341	34988287	-1	ZNF770	2	5439	319.94117647058823
AHDC1	20	ENSG00000126705	ENSG00000126705.15	1	27534035	27604431	-1	AHDC1	17	6428	321.4
CDK5R1	12	ENSG00000176749	ENSG00000176749.9	17	32486993	32491253	1	CDK5R1	3	3948	329.0
GPR27	8	ENSG00000170837	ENSG00000170837.3	3	71753855	71756496	1	GPR27	1	2642	330.25
EPOP	11	ENSG00000277303	ENSG00000277303.2	HSCHR17_7_CTG4	2707022	2710740	-1	EPOP	1	3719	338.09090909090907
PURA	34	ENSG00000185129	ENSG00000185129.8	5	140107777	140125619	1	PURA	5	11511	338.55882352941177
MMP24OS	5	ENSG00000126005	ENSG00000126005.17	20	35201745	35278131	-1	MMP24OS	12	1695	339.0
ZBTB6	12	ENSG00000186130	ENSG00000186130.5	9	122908056	122913323	-1	ZBTB6	1	4099	341.5833333333333
TCEAL9	3	ENSG00000185222	ENSG00000185222.10	X	103356489	103358462	1	TCEAL9	3	1028	342.6666666666667
PNRC2	7	ENSG00000189266	ENSG00000189266.13	1	23956839	23963462	1	PNRC2	5	2400	342.85714285714283
HSPA1A	7	ENSG00000204389	ENSG00000204389.10	6	31815543	31817946	1	HSPA1A	2	2400	342.85714285714283
POU3F2	14	ENSG00000184486	ENSG00000184486.10	6	98834574	98839458	1	POU3F2	1	4885	348.92857142857144
GJC1	22	ENSG00000182963	ENSG00000182963.11	17	44798448	44830816	-1	GJC1	8	7692	349.6363636363636
TMEM158	5	ENSG00000249992	ENSG00000249992.2	3	45224466	45226287	-1	TMEM158	1	1822	364.4
RPL39L	2	ENSG00000163923	ENSG00000163923.10	3	187120948	187180908	-1	RPL39L	3	729	364.5
FOXD3	7	ENSG00000187140	ENSG00000187140.6	1	63322567	63325128	1	FOXD3	1	2562	366.0
ZFP41	13	ENSG00000181638	ENSG00000181638.20	8	143246821	143262705	1	ZFP41	4	4786	368.15384615384613
TMEM185B	16	ENSG00000226479	ENSG00000226479.4	2	120217479	120223400	-1	TMEM185B	1	5922	370.125
SPRY1	7	ENSG00000164056	ENSG00000164056.11	4	123396795	123403760	1	SPRY1	9	2603	371.85714285714283
PHOSPHO2	3	ENSG00000144362	ENSG00000144362.12	2	169694454	169701708	1	PHOSPHO2	8	1121	373.6666666666667
TRIM56	29	ENSG00000169871	ENSG00000169871.13	7	101085481	101097967	1	TRIM56	4	10910	376.2068965517241
MAFB	9	ENSG00000204103	ENSG00000204103.4	20	40685848	40689236	-1	MAFB	1	3389	376.55555555555554
SMIM3	4	ENSG00000256235	ENSG00000256235.3	5	150778757	150796734	1	SMIM3	2	1521	380.25
RAP2B	22	ENSG00000181467	ENSG00000181467.5	3	153162226	153170627	1	RAP2B	1	8402	381.90909090909093
DUSP22	8	ENSG00000112679	ENSG00000112679.15	6	291630	351355	1	DUSP22	16	3075	384.375
TIGD5	14	ENSG00000278016	ENSG00000278016.2	HSCHR8_3_CTG7	87875	93264	1	TIGD5	1	5390	385.0
ZBTB9	7	ENSG00000236515	ENSG00000236515.3	HSCHR6_MHC_SSTO_CTG1	4903302	4906271	1	ZBTB9	1	2716	388.0
FOXE1	9	ENSG00000178919	ENSG00000178919.9	9	97853226	97856717	1	FOXE1	1	3492	388.0
PHLDA3	7	ENSG00000174307	ENSG00000174307.7	1	201464278	201469237	-1	PHLDA3	4	2749	392.7142857142857
ARMCX5	7	ENSG00000125962	ENSG00000125962.16	X	102599168	102604159	1	ARMCX5	6	2772	396.0
LRRN1	15	ENSG00000175928	ENSG00000175928.6	3	3799431	3849834	1	LRRN1	3	5960	397.3333333333333
NACA2	2	ENSG00000253506	ENSG00000253506.3	17	61590421	61591219	-1	NACA2	1	799	399.5
TCEAL1	3	ENSG00000172465	ENSG00000172465.14	X	103628704	103630953	1	TCEAL1	4	1200	400.0
LCMT2	17	ENSG00000168806	ENSG00000168806.8	15	43323649	43330582	-1	LCMT2	2	6925	407.3529411764706
RNASE4	5	ENSG00000258818	ENSG00000258818.4	14	20684560	20701216	1	RNASE4	3	2061	412.2
ARL4A	7	ENSG00000122644	ENSG00000122644.13	7	12686856	12690958	1	ARL4A	7	2889	412.7142857142857
GLUD2	6	ENSG00000288118	ENSG00000288118.1	HG439_PATCH	367013	369497	1	GLUD2	1	2485	414.1666666666667
TIFA	10	ENSG00000145365	ENSG00000145365.12	4	112272968	112285955	-1	TIFA	3	4163	416.3
INAFM1	2	ENSG00000257704	ENSG00000257704.4	19	47274885	47275723	1	INAFM1	1	839	419.5
RNF113A	3	ENSG00000125352	ENSG00000125352.6	X	119870475	119871733	-1	RNF113A	1	1259	419.6666666666667
WDR5B	10	ENSG00000196981	ENSG00000196981.4	3	122411846	122416062	-1	WDR5B	1	4217	421.7
TNFAIP8L1	9	ENSG00000185361	ENSG00000185361.9	19	4639516	4655568	1	TNFAIP8L1	3	3816	424.0
ZBTB43	14	ENSG00000169155	ENSG00000169155.10	9	126805006	126838210	1	ZBTB43	5	5940	424.2857142857143
C1orf74	11	ENSG00000162757	ENSG00000162757.4	1	209779208	209784559	-1	C1orf74	1	4684	425.8181818181818
ITPRIPL2	18	ENSG00000205730	ENSG00000205730.7	16	19113932	19121629	1	ITPRIPL2	2	7666	425.8888888888889
ADRA2C	5	ENSG00000184160	ENSG00000184160.8	4	3766348	3768526	1	ADRA2C	2	2142	428.4
KBTBD7	11	ENSG00000120696	ENSG00000120696.9	13	41189834	41194569	-1	KBTBD7	1	4736	430.54545454545456
USP27X	7	ENSG00000273820	ENSG00000273820.2	X	49879484	49882558	1	USP27X	1	3075	439.2857142857143
TSSK6	3	ENSG00000178093	ENSG00000178093.14	19	19512418	19515548	-1	TSSK6	3	1330	443.3333333333333
PAQR7	6	ENSG00000182749	ENSG00000182749.6	1	25861484	25875708	-1	PAQR7	2	2685	447.5
ZNF623	15	ENSG00000276340	ENSG00000276340.4	HSCHR8_3_CTG7	111843	131885	1	ZNF623	3	6757	450.46666666666664
P2RY1	14	ENSG00000169860	ENSG00000169860.7	3	152835131	152841439	1	P2RY1	1	6309	450.64285714285717
ZBTB42	8	ENSG00000179627	ENSG00000179627.10	14	104800596	104804712	1	ZBTB42	2	3612	451.5
PPP1R3B	12	ENSG00000173281	ENSG00000173281.5	8	9136255	9151574	-1	PPP1R3B	2	5510	459.1666666666667
PPP1R3B	12	ENSG00000285343	ENSG00000285343.2	HG76_PATCH	4200055	4215375	1	PPP1R3B	2	5510	459.1666666666667
PCED1B	5	ENSG00000179715	ENSG00000179715.13	12	47079603	47236662	1	PCED1B	6	2310	462.0
BHLHA15	7	ENSG00000180535	ENSG00000180535.4	7	98211439	98215457	1	BHLHA15	2	3262	466.0
KBTBD6	11	ENSG00000165572	ENSG00000165572.8	13	41127569	41132802	-1	KBTBD6	1	5234	475.8181818181818
MOAP1	5	ENSG00000165943	ENSG00000165943.5	14	93182199	93184923	-1	MOAP1	2	2407	481.4
ZBTB39	13	ENSG00000166860	ENSG00000166860.3	12	56998836	57006546	-1	ZBTB39	1	6268	482.15384615384613
ZNF837	4	ENSG00000152475	ENSG00000152475.7	19	58367618	58381030	-1	ZNF837	2	1939	484.75
TIGD6	7	ENSG00000164296	ENSG00000164296.7	5	149993118	150000654	-1	TIGD6	3	3493	499.0
ZBED3	12	ENSG00000132846	ENSG00000132846.6	5	77072072	77087285	-1	ZBED3	3	6134	511.1666666666667
ACSF3	8	ENSG00000176715	ENSG00000176715.17	16	89088375	89164121	1	ACSF3	19	4095	511.875
TLR2	7	ENSG00000137462	ENSG00000137462.10	4	153684050	153706260	1	TLR2	14	3596	513.7142857142857
CHST2	8	ENSG00000175040	ENSG00000175040.6	3	143119771	143124014	1	CHST2	1	4142	517.75
TCEAL3	2	ENSG00000196507	ENSG00000196507.11	X	103607451	103629690	1	TCEAL3	4	1056	528.0
C3orf18	5	ENSG00000088543	ENSG00000088543.15	3	50558025	50571027	-1	C3orf18	11	2657	531.4
FOXQ1	5	ENSG00000164379	ENSG00000164379.7	6	1312098	1314758	1	FOXQ1	1	2661	532.2
ARIH2OS	2	ENSG00000221883	ENSG00000221883.5	3	48917765	48918829	-1	ARIH2OS	1	1065	532.5
TREX2	2	ENSG00000183479	ENSG00000183479.13	X	153444473	153470587	-1	TREX2	7	1071	535.5
FANCF	6	ENSG00000183161	ENSG00000183161.6	11	22622533	22625823	-1	FANCF	1	3291	548.5
TMEM184A	11	ENSG00000164855	ENSG00000164855.16	7	1542235	1560821	-1	TMEM184A	11	6051	550.0909090909091
ZBTB26	8	ENSG00000171448	ENSG00000171448.9	9	122915566	122931512	-1	ZBTB26	2	4455	556.875
GSPT2	5	ENSG00000189369	ENSG00000189369.9	X	51743442	51746232	1	GSPT2	1	2791	558.2
TYMSOS	1	ENSG00000176912	ENSG00000176912.8	18	630886	658352	-1	TYMSOS	6	560	560.0
GPR183	3	ENSG00000169508	ENSG00000169508.7	13	99294539	99307399	-1	GPR183	1	1685	561.6666666666666
KCNJ11	6	ENSG00000187486	ENSG00000187486.7	11	17365172	17389331	-1	KCNJ11	7	3412	568.6666666666666
F8A1	3	ENSG00000288722	ENSG00000288722.1	X	154886355	154888061	1	F8A1	1	1707	569.0
IRS1	17	ENSG00000169047	ENSG00000169047.6	2	226731312	226799820	-1	IRS1	2	9771	574.7647058823529
TNFAIP8L2	2	ENSG00000163154	ENSG00000163154.6	1	151156649	151159749	1	TNFAIP8L2	1	1158	579.0
LRRC3	10	ENSG00000160233	ENSG00000160233.8	21	44455510	44462196	1	LRRC3	1	5845	584.5
LTB4R	7	ENSG00000285456	ENSG00000285456.2	HG1_PATCH	612428	619014	1	LTB4R	5	4110	587.1428571428571
GPRASP2	6	ENSG00000158301	ENSG00000158301.20	X	102712445	102717733	1	GPRASP2	5	3536	589.3333333333334
PEX2	7	ENSG00000164751	ENSG00000164751.15	8	76980258	77001044	-1	PEX2	6	4169	595.5714285714286
ZNF322	8	ENSG00000181315	ENSG00000181315.11	6	26634383	26659752	-1	ZNF322	8	4811	601.375
RNF182	6	ENSG00000180537	ENSG00000180537.13	6	13924446	13980310	1	RNF182	8	3629	604.8333333333334
TACSTD2	3	ENSG00000184292	ENSG00000184292.7	1	58575433	58577252	-1	TACSTD2	1	1820	606.6666666666666
FLRT3	8	ENSG00000125848	ENSG00000125848.10	20	14322985	14337614	-1	FLRT3	3	4977	622.125
ZNF518B	11	ENSG00000178163	ENSG00000178163.8	4	10439880	10457426	-1	ZNF518B	5	6954	632.1818181818181
ZBTB12	3	ENSG00000204366	ENSG00000204366.4	6	31899613	31902086	-1	ZBTB12	1	1963	654.3333333333334
ZNF358	3	ENSG00000198816	ENSG00000198816.7	19	7515292	7521025	1	ZNF358	2	1968	656.0
KRTAP19-1	1	ENSG00000184351	ENSG00000184351.8	21	30479706	30480367	-1	KRTAP19-1	1	662	662.0
TMEM140	3	ENSG00000146859	ENSG00000146859.6	7	135148072	135166215	1	TMEM140	2	1997	665.6666666666666
TMEM81	2	ENSG00000174529	ENSG00000174529.7	1	205083129	205084460	-1	TMEM81	1	1332	666.0
FAM110B	5	ENSG00000169122	ENSG00000169122.12	8	57994523	58204279	1	FAM110B	7	3349	669.8
KBTBD11	10	ENSG00000273645	ENSG00000273645.2	HSCHR8_8_CTG1	157254	190312	1	KBTBD11	1	6710	671.0
C2orf88	6	ENSG00000187699	ENSG00000187699.10	2	189879609	190203484	1	C2orf88	9	4035	672.5
PNMA2	7	ENSG00000240694	ENSG00000240694.9	8	26504701	26514092	-1	PNMA2	8	4730	675.7142857142857
PCDHB5	5	ENSG00000291677	ENSG00000291677.1	HG2308_PATCH	370382	373791	1	PCDHB5	2	3410	682.0
KCNJ4	3	ENSG00000168135	ENSG00000168135.4	22	38426327	38455199	-1	KCNJ4	1	2065	688.3333333333334
ENDOV	4	ENSG00000173818	ENSG00000173818.17	17	80415165	80438086	1	ENDOV	30	2820	705.0
BRD3OS	8	ENSG00000235106	ENSG00000235106.11	9	134025481	134034666	1	BRD3OS	6	5682	710.25
TLR1	4	ENSG00000174125	ENSG00000174125.9	4	38787555	38856817	-1	TLR1	10	2851	712.75
FOXB1	4	ENSG00000171956	ENSG00000171956.7	15	60004234	60061730	1	FOXB1	3	2871	717.75
PPP1R3D	5	ENSG00000132825	ENSG00000132825.7	20	59936663	59940305	-1	PPP1R3D	1	3643	728.6
GJB3	3	ENSG00000188910	ENSG00000188910.8	1	34781214	34786369	1	GJB3	2	2192	730.6666666666666
GPRIN3	19	ENSG00000185477	ENSG00000185477.6	4	89236383	89307937	-1	GPRIN3	3	14037	738.7894736842105
C19orf73	1	ENSG00000221916	ENSG00000221916.4	19	49118402	49119143	-1	C19orf73	1	742	742.0
CHST12	21	ENSG00000136213	ENSG00000136213.10	7	2403588	2448484	1	CHST12	4	15985	761.1904761904761
PRR15L	2	ENSG00000167183	ENSG00000167183.3	17	47951967	47957883	-1	PRR15L	1	1524	762.0
RPL10L	1	ENSG00000165496	ENSG00000165496.5	14	46651010	46651781	-1	RPL10L	1	772	772.0
S1PR5	3	ENSG00000180739	ENSG00000180739.15	19	10512742	10517931	-1	S1PR5	3	2338	779.3333333333334
MAGEB2	2	ENSG00000099399	ENSG00000099399.6	X	30215563	30220089	1	MAGEB2	1	1607	803.5
MYORG	8	ENSG00000164976	ENSG00000164976.9	9	34366666	34376898	-1	MYORG	2	6447	805.875
ZNF391	5	ENSG00000124613	ENSG00000124613.9	6	27374615	27403908	1	ZNF391	4	4042	808.4
TWIST1	2	ENSG00000122691	ENSG00000122691.13	7	19020991	19117636	-1	TWIST1	3	1630	815.0
MAP1LC3B2	1	ENSG00000258102	ENSG00000258102.5	12	116548105	116576606	1	MAP1LC3B2	4	818	818.0
HSPA2	3	ENSG00000126803	ENSG00000126803.10	14	64535905	64546173	1	HSPA2	3	2497	832.3333333333334
ANKRD9	8	ENSG00000156381	ENSG00000156381.9	14	102501767	102509799	-1	ANKRD9	5	6705	838.125
VGF	3	ENSG00000128564	ENSG00000128564.8	7	101162509	101165569	-1	VGF	2	2551	850.3333333333334
FUT1	4	ENSG00000174951	ENSG00000174951.12	19	48748011	48755390	-1	FUT1	7	3425	856.25
S1PR3	5	ENSG00000213694	ENSG00000213694.7	9	88990863	89005155	1	S1PR3	5	4330	866.0
LRRN2	4	ENSG00000170382	ENSG00000170382.12	1	204617170	204685738	-1	LRRN2	4	3468	867.0
ZNF70	8	ENSG00000187792	ENSG00000187792.5	22	23738682	23751112	-1	ZNF70	1	6940	867.5
GPER1	3	ENSG00000164850	ENSG00000164850.16	7	1082208	1093815	1	GPER1	5	2613	871.0
SOWAHA	4	ENSG00000198944	ENSG00000198944.6	5	132813302	132816786	1	SOWAHA	1	3485	871.25
ZHX2	5	ENSG00000178764	ENSG00000178764.8	8	122781655	122974510	1	ZHX2	2	4361	872.2
NAP1L3	3	ENSG00000186310	ENSG00000186310.10	X	93670930	93673578	-1	NAP1L3	2	2649	883.0
MAFA	3	ENSG00000182759	ENSG00000182759.4	8	143419182	143430732	-1	MAFA	2	2669	889.6666666666666
B3GNT9	3	ENSG00000237172	ENSG00000237172.4	16	67148104	67150998	-1	B3GNT9	1	2702	900.6666666666666
C3orf80	3	ENSG00000180044	ENSG00000180044.6	3	160225422	160228213	1	C3orf80	2	2792	930.6666666666666
RNF223	2	ENSG00000237330	ENSG00000237330.3	1	1070967	1074306	-1	RNF223	1	1900	950.0
DHFR2	4	ENSG00000178700	ENSG00000178700.9	3	94047836	94063389	-1	DHFR2	6	3856	964.0
SAMD9	7	ENSG00000205413	ENSG00000205413.8	7	93099513	93118023	-1	SAMD9	3	6806	972.2857142857143
ZNF594	5	ENSG00000180626	ENSG00000180626.10	17	5179535	5191868	-1	ZNF594	3	4863	972.6
PHLDA1	6	ENSG00000139289	ENSG00000139289.15	12	76025447	76031776	-1	PHLDA1	2	5913	985.5
ZNF319	5	ENSG00000166188	ENSG00000166188.3	16	57994676	58000672	-1	ZNF319	2	5027	1005.4
FZD5	7	ENSG00000163251	ENSG00000163251.4	2	207762598	207769906	-1	FZD5	1	7039	1005.5714285714286
CPN2	3	ENSG00000178772	ENSG00000178772.7	3	194339768	194351328	-1	CPN2	2	3025	1008.3333333333334
OR51E1	3	ENSG00000180785	ENSG00000180785.10	11	4643420	4655488	1	OR51E1	2	3050	1016.6666666666666
LTB4R2	3	ENSG00000285203	ENSG00000285203.2	HG1_PATCH	606712	613031	1	LTB4R2	5	3092	1030.6666666666667
FLRT1	4	ENSG00000126500	ENSG00000126500.5	11	64035931	64119173	1	FLRT1	3	4170	1042.5
AMER1	8	ENSG00000184675	ENSG00000184675.11	X	64185117	64205708	-1	AMER1	1	8407	1050.875
BBS12	3	ENSG00000181004	ENSG00000181004.10	4	122732702	122744942	1	BBS12	3	3238	1079.3333333333333
ZXDB	5	ENSG00000198455	ENSG00000198455.5	X	57592011	57597477	1	ZXDB	1	5467	1093.4
PGBD4	6	ENSG00000182405	ENSG00000182405.6	15	34102083	34108686	1	PGBD4	1	6604	1100.6666666666667
PNMA6A	2	ENSG00000235961	ENSG00000235961.6	X	153072454	153075019	1	PNMA6A	1	2238	1119.0
PLAC1	1	ENSG00000170965	ENSG00000170965.10	X	134565838	134764322	-1	PLAC1	4	1119	1119.0
KIAA0040	4	ENSG00000235750	ENSG00000235750.10	1	175156986	175192999	-1	KIAA0040	6	4548	1137.0
KCNS3	2	ENSG00000170745	ENSG00000170745.12	2	17877847	18361616	1	KCNS3	5	2341	1170.5
CHST7	2	ENSG00000147119	ENSG00000147119.4	X	46573765	46598496	1	CHST7	1	2396	1198.0
MAGEE1	3	ENSG00000198934	ENSG00000198934.5	X	76427710	76431342	1	MAGEE1	1	3633	1211.0
GIMAP7	1	ENSG00000179144	ENSG00000179144.5	7	150514872	150521073	1	GIMAP7	1	1214	1214.0
MBLAC1	1	ENSG00000214309	ENSG00000214309.5	7	100126785	100128495	1	MBLAC1	2	1226	1226.0
GCNT3	4	ENSG00000140297	ENSG00000140297.13	15	59594875	59640239	1	GCNT3	10	4934	1233.5
SOCS1	1	ENSG00000185338	ENSG00000185338.7	16	11254417	11256204	-1	SOCS1	2	1238	1238.0
KCNA3	2	ENSG00000177272	ENSG00000177272.10	1	110653560	110674940	-1	KCNA3	6	2476	1238.0
NAP1L2	2	ENSG00000186462	ENSG00000186462.9	X	73212299	73214851	-1	NAP1L2	1	2553	1276.5
GDPGP1	4	ENSG00000183208	ENSG00000183208.13	15	90233808	90245811	1	GDPGP1	4	5128	1282.0
GJA3	4	ENSG00000121743	ENSG00000121743.4	13	20138255	20161052	-1	GJA3	1	5214	1303.5
SKIDA1	5	ENSG00000180592	ENSG00000180592.17	10	21513475	21526368	-1	SKIDA1	4	6601	1320.2
ZNF260	4	ENSG00000254004	ENSG00000254004.7	19	36510687	36528271	-1	ZNF260	5	5285	1321.25
PCDHB15	3	ENSG00000291695	ENSG00000291695.1	HG2308_PATCH	480571	484541	1	PCDHB15	2	3971	1323.6666666666667
FOXD2	2	ENSG00000186564	ENSG00000186564.6	1	47438044	47440691	1	FOXD2	1	2648	1324.0
FBLL1	1	ENSG00000188573	ENSG00000188573.8	5	168529305	168530634	1	FBLL1	1	1330	1330.0
NANOS1	3	ENSG00000188613	ENSG00000188613.7	10	119029714	119033730	1	NANOS1	2	4017	1339.0
TWIST2	1	ENSG00000288335	ENSG00000288335.2	HG721_PATCH	75275	138464	1	TWIST2	3	1342	1342.0
CLDN5	1	ENSG00000184113	ENSG00000184113.10	22	19523024	19527545	-1	CLDN5	4	1384	1384.0
INSM1	2	ENSG00000173404	ENSG00000173404.5	20	20368104	20370949	1	INSM1	1	2846	1423.0
FAM200B	3	ENSG00000237765	ENSG00000237765.8	4	15681662	15690447	1	FAM200B	21	4287	1429.0
MAGEH1	1	ENSG00000187601	ENSG00000187601.5	X	55452127	55453566	1	MAGEH1	1	1440	1440.0
POU3F1	2	ENSG00000185668	ENSG00000185668.8	1	38043829	38046793	-1	POU3F1	1	2965	1482.5
DSEL	6	ENSG00000171451	ENSG00000171451.15	18	67506587	67516720	-1	DSEL	1	9266	1544.3333333333333
AJM1	3	ENSG00000232434	ENSG00000232434.3	9	136842478	136848801	1	AJM1	1	4642	1547.3333333333333
S1PR4	1	ENSG00000125910	ENSG00000125910.6	19	3172346	3180332	1	S1PR4	2	1564	1564.0
ACTL10	1	ENSG00000288649	ENSG00000288649.2	20	33666943	33668525	1	ACTL10	1	1583	1583.0
ATP6V1E2	1	ENSG00000250565	ENSG00000250565.7	2	46490750	46542577	-1	ATP6V1E2	6	1599	1599.0
AKAP5	4	ENSG00000179841	ENSG00000179841.8	14	64465499	64474503	1	AKAP5	2	6487	1621.75
SLITRK3	3	ENSG00000121871	ENSG00000121871.4	3	165186720	165197109	-1	SLITRK3	3	4937	1645.6666666666667
HTR1D	2	ENSG00000179546	ENSG00000179546.5	1	23191895	23217502	-1	HTR1D	1	3319	1659.5
MAGEA3	1	ENSG00000221867	ENSG00000221867.9	X	152698767	152702347	1	MAGEA3	3	1682	1682.0
MAGEA6	1	ENSG00000197172	ENSG00000197172.11	X	152766136	152769716	-1	MAGEA6	4	1682	1682.0
LRRN3	2	ENSG00000173114	ENSG00000173114.13	7	111091006	111125454	1	LRRN3	5	3500	1750.0
MAGEA3	1	ENSG00000292186	ENSG00000292186.1	HSCHRX_1_CTG14	381298	384871	-1	MAGEA3	3	1762	1762.0
MAGEA6	1	ENSG00000292195	ENSG00000292195.1	HSCHRX_1_CTG14	313891	317471	1	MAGEA6	4	1762	1762.0
CALML3	1	ENSG00000178363	ENSG00000178363.5	10	5524961	5526771	1	CALML3	1	1811	1811.0
ARMCX5-GPRASP2	3	ENSG00000286237	ENSG00000286237.1	X	102712495	102753530	1	ARMCX5-GPRASP2	1	5582	1860.6666666666667
FAM156A	2	ENSG00000268350	ENSG00000268350.8	X	52926402	52995472	-1	FAM156A	23	3791	1895.5
GJB1	1	ENSG00000169562	ENSG00000169562.13	X	71212811	71225516	1	GJB1	11	1937	1937.0
TRNP1	1	ENSG00000253368	ENSG00000253368.5	1	26993692	27001912	1	TRNP1	2	1961	1961.0
GPR160	1	ENSG00000173890	ENSG00000173890.17	3	170037995	170085392	1	GPR160	10	1962	1962.0
PTAFR	2	ENSG00000169403	ENSG00000169403.12	1	28147166	28193936	-1	PTAFR	3	3993	1996.5
TRAM1L1	1	ENSG00000174599	ENSG00000174599.5	4	117083554	117085576	-1	TRAM1L1	1	2023	2023.0
TIGD3	1	ENSG00000173825	ENSG00000173825.7	11	65354751	65357613	1	TIGD3	1	2028	2028.0
PCDHB2	2	ENSG00000291672	ENSG00000291672.1	HG2308_PATCH	329782	333879	1	PCDHB2	5	4089	2044.5
CREB5	4	ENSG00000146592	ENSG00000146592.17	7	28299321	28825894	1	CREB5	15	8539	2134.75
KIF4B	2	ENSG00000226650	ENSG00000226650.6	5	155013755	155018141	1	KIF4B	1	4387	2193.5
CCDC184	1	ENSG00000177875	ENSG00000177875.5	12	48183644	48185926	1	CCDC184	1	2283	2283.0
KCNF1	1	ENSG00000162975	ENSG00000162975.5	2	10911934	10914225	1	KCNF1	1	2292	2292.0
USP51	2	ENSG00000247746	ENSG00000247746.5	X	55484616	55489848	-1	USP51	2	4643	2321.5
NBDY	1	ENSG00000204272	ENSG00000204272.13	X	56729241	56819179	1	NBDY	4	2344	2344.0
DCAF4L1	2	ENSG00000182308	ENSG00000182308.7	4	41981756	41986465	1	DCAF4L1	1	4710	2355.0
SAMD9L	3	ENSG00000177409	ENSG00000177409.12	7	93130056	93148385	-1	SAMD9L	9	7150	2383.3333333333335
ZXDA	2	ENSG00000198205	ENSG00000198205.7	X	57905430	57910458	-1	ZXDA	1	5029	2514.5
CCR1	1	ENSG00000163823	ENSG00000163823.4	3	46201711	46208313	-1	CCR1	1	2646	2646.0
LRRC4C	1	ENSG00000148948	ENSG00000148948.8	11	40114203	41459773	-1	LRRC4C	7	2801	2801.0
SMIM10L2B	1	ENSG00000196972	ENSG00000196972.9	X	135094985	135098712	-1	SMIM10L2B	1	2817	2817.0
ARMCX2	1	ENSG00000184867	ENSG00000184867.14	X	101655281	101659850	-1	ARMCX2	13	2819	2819.0
P2RY2	3	ENSG00000175591	ENSG00000175591.12	11	73218281	73242427	1	P2RY2	3	8619	2873.0
FOXC2	1	ENSG00000176692	ENSG00000176692.8	16	86566829	86569728	1	FOXC2	1	2900	2900.0
CDC14C	1	ENSG00000218305	ENSG00000218305.5	7	48924547	48927454	1	CDC14C	1	2908	2908.0
FOXL2	1	ENSG00000183770	ENSG00000183770.7	3	138944224	138947137	-1	FOXL2	1	2914	2914.0
KDM4D	1	ENSG00000186280	ENSG00000186280.7	11	94973709	94999519	1	KDM4D	3	2951	2951.0
CCR4	1	ENSG00000183813	ENSG00000183813.8	3	32951644	32957120	1	CCR4	2	3025	3025.0
RAB6C	1	ENSG00000292140	ENSG00000292140.1	HSCHR2_12_CTG7_2	151908	154980	1	RAB6C	1	3073	3073.0
PABPC5	1	ENSG00000174740	ENSG00000174740.8	X	91434595	91438584	1	PABPC5	2	3206	3206.0
TMEM200A	1	ENSG00000164484	ENSG00000164484.12	6	130366017	130443067	1	TMEM200A	4	3233	3233.0
ZNF501	1	ENSG00000281661	ENSG00000281661.3	HG2066_PATCH	254946	262433	1	ZNF501	4	3353	3353.0
TIGD7	1	ENSG00000140993	ENSG00000140993.11	16	3298808	3305729	-1	TIGD7	8	3421	3421.0
IGIP	1	ENSG00000182700	ENSG00000182700.5	5	140125937	140129392	1	IGIP	1	3456	3456.0
ZNF891	5	ENSG00000214029	ENSG00000214029.6	12	133104779	133130274	-1	ZNF891	2	17294	3458.8
ARL11	1	ENSG00000152213	ENSG00000152213.4	13	49628507	49633872	1	ARL11	2	3552	3552.0
ANKRD34A	1	ENSG00000272031	ENSG00000272031.3	1	145959441	145964575	-1	ANKRD34A	3	3607	3607.0
PCDHB4	1	ENSG00000291676	ENSG00000291676.1	HG2308_PATCH	356994	360799	1	PCDHB4	2	3806	3806.0
EIF5AL1	1	ENSG00000253626	ENSG00000253626.4	10	79512533	79516440	1	EIF5AL1	1	3908	3908.0
ELFN1	1	ENSG00000225968	ENSG00000225968.8	7	1665745	1747946	1	ELFN1	4	3976	3976.0
PPP1R3G	1	ENSG00000219607	ENSG00000219607.4	6	5085341	5089487	1	PPP1R3G	1	4147	4147.0
RHOH	1	ENSG00000168421	ENSG00000168421.14	4	40191011	40246967	1	RHOH	17	4181	4181.0
LRRC4	1	ENSG00000128594	ENSG00000128594.8	7	128027071	128032107	-1	LRRC4	4	4195	4195.0
TSPYL5	1	ENSG00000180543	ENSG00000180543.5	8	97273488	97277928	-1	TSPYL5	1	4441	4441.0
SPIN3	1	ENSG00000204271	ENSG00000204271.13	X	56818298	56995827	-1	SPIN3	45	4445	4445.0
PAQR9	2	ENSG00000188582	ENSG00000188582.10	3	142949164	142963674	-1	PAQR9	3	9090	4545.0
HRH1	1	ENSG00000196639	ENSG00000196639.7	3	11137093	11263557	1	HRH1	4	4617	4617.0
GPR135	1	ENSG00000181619	ENSG00000181619.12	14	59429022	59465380	-1	GPR135	2	4622	4622.0
RTL5	1	ENSG00000242732	ENSG00000242732.6	X	72127110	72131915	-1	RTL5	2	4806	4806.0
GCNT4	1	ENSG00000176928	ENSG00000176928.7	5	75025346	75052558	-1	GCNT4	2	5023	5023.0
AMIGO1	1	ENSG00000181754	ENSG00000181754.7	1	109504178	109509738	-1	AMIGO1	2	5130	5130.0
KCNJ12	1	ENSG00000184185	ENSG00000184185.10	17	21376357	21419870	1	KCNJ12	2	5263	5263.0
ZNF280B	1	ENSG00000275004	ENSG00000275004.4	22	22484421	22508742	-1	ZNF280B	3	5309	5309.0
KCNJ2	1	ENSG00000123700	ENSG00000123700.5	17	70168673	70180044	1	KCNJ2	2	5391	5391.0
HRK	1	ENSG00000135116	ENSG00000135116.9	12	116856144	116881441	-1	HRK	4	5789	5789.0
GPR63	1	ENSG00000112218	ENSG00000112218.9	6	96794125	96837477	-1	GPR63	1	5967	5967.0
TIGD1	1	ENSG00000221944	ENSG00000221944.9	2	232543883	232550557	-1	TIGD1	1	6675	6675.0
C5AR2	1	ENSG00000134830	ENSG00000134830.6	19	47332175	47347329	1	C5AR2	2	6720	6720.0
HS3ST1	1	ENSG00000002587	ENSG00000002587.10	4	11393150	11429564	-1	HS3ST1	3	7160	7160.0
ARMCX4	1	ENSG00000196440	ENSG00000196440.12	X	101418287	101533459	1	ARMCX4	10	7729	7729.0
ELFN2	1	ENSG00000166897	ENSG00000166897.16	22	37367960	37427479	-1	ELFN2	6	8370	8370.0
FLRT2	1	ENSG00000185070	ENSG00000185070.12	14	85530144	85654428	1	FLRT2	11	33681	33681.0
